A,125.44
AA,39.8542
AACG,0.7889
AACI,11.37
AACIW,0.145
AACT,10.67
AADI,1.28
AAGR,0.201
AAGRW,0.0171
AAL,10.95
AAMC,1.76
AAME,1.58
AAN,9.93
AAOI,7.55
AAON,83.52
AAP,59.01
AAPL,215.1
AAT,22.21
AB,33.31
ABAT,1.05
ABBV,165.45
ABCB,50.26
ABCL,2.7
ABEO,4.11
ABEV,2.02
ABG,227.14
ABIO,3.61
ABL,8.61
ABLLL,25.79
ABLLW,
ABLV,1.03
ABM,49.83
ABNB,151.29
ABOS,2.23
ABR,14.17
ABSI,2.915
ABT,102.7
ABTS,0.56
ABUS,3.09
ABVC,0.743
ABVX,13.27
AC,32.57
ACA,80.54
ACAB,11.36
ACAD,15.75
ACB,4.46
ACBA,12.03
ACBAW,0.02
ACCD,3.48
ACCO,4.565
ACDC,7.07
ACEL,9.95
ACET,1.09
ACGL,99.09
ACGLN,19.18
ACGLO,22.15
ACHC,65.27
ACHL,0.802
ACHR,3.47
ACHV,4.58
ACI,19.725
ACIC,10.41
ACIU,3.81
ACIW,39.01
ACLS,139
ACLX,53
ACM,85.07
ACMR,22.45
ACN,300.93
ACNB,35.7
ACNT,8.83
ACON,0.2855
ACONW,0.0358
ACP,6.66
ACR,13.03
ACRE,6.51
ACRS,1.12
ACRV,5.7401
ACST,2.81
ACT,30.96
ACTG,4.9601
ACU,34.29
ACV,20.75
ACVA,17.46
ACXP,2.07
ADAG,2.99
ADAP,1.03
ADBE,560
ADC,61.56
ADCT,3.42
ADD,0.205
ADEA,11.07
ADI,224.56
ADIL,1
ADM,60.61
ADMA,11.34
ADN,2.97
ADNT,24.47
ADNWW,0.011
ADP,234
ADPT,3.3431
ADRT,15.65
ADSE,12.6101
ADSEW,2.25
ADSK,245.77
ADT,7.34
ADTH,3.2
ADTHW,0.4606
ADTN,5.02
ADTX,1.45
ADUS,115.94
ADV,3.095
ADVM,6.6688
ADVWW,0.05
ADX,21.35
ADXN,7.84
AE,26.01
AEAEW,0.0385
AEE,70.915
AEF,5.285
AEFC,20.81
AEG,6.175
AEHL,2.37
AEHR,10.55
AEI,1.55
AEIS,105.36
AEM,64.65
AEMD,0.4025
AENT,2.94
AENTW,0.07
AEO,19.26
AEON,1.005
AEP,87.11
AER,91.61
AERT,1.72
AES,17.24
AESI,19.365
AEVA,2.24
AEYE,18.4
AEZS,4.41
AFB,11.04
AFBI,21.04
AFCG,12.06
AFG,122.12
AFGB,23.2223
AFGC,20.71
AFGD,24.31
AFGE,18.8737
AFL,88.2
AFMD,5.07
AFRI,10.8
AFRIW,1.39
AFRM,29.1629
AFT,14.5
AFYA,16.62
AG,5.725
AGAE,1.1501
AGBA,2.76
AGBAW,0.2901
AGCO,95.47
AGD,9.7
AGEN,14.21
AGFY,0.45
AGI,15.35
AGIO,41.54
AGL,5.835
AGM,180.28
AGMH,0.5001
AGNC,9.48
AGNCL,23.41
AGNCM,24.95
AGNCN,25.52
AGNCO,24.78
AGNCP,23.85
AGO,77.18
AGR,34.96
AGRI,0.0706
AGRIW,0.0041
AGRO,9.78
AGS,11.305
AGX,70.3
AGYS,102.16
AHCO,9.55
AHG,0.822
AHH,10.995
AHR,14.82
AHT,0.883
AI,28.05
AIF,14.57
AIG,73.88
AIH,0.3118
AIHS,1
AILE,8.78
AILEW,0.6896
AIM,0.36
AIMAU,11.22
AIMAW,0.0201
AIMBU,11.34
AIMD,0.78
AIN,82.53
AINC,4.925
AIO,21.54
AIP,6.89
AIR,70.13
AIRC,39.075
AIRE,1.05
AIRG,5.65
AIRI,3.33
AIRJ,9.53
AIRJW,1.35
AIRS,3.87
AIRT,22.65
AIRTP,16.82
AISP,3.67
AISPW,0.3498
AIT,189.3801
AITR,10.35
AITRR,0.2
AITRU,10.5
AIU,0.45
AIV,8.335
AIXI,0.592
AIZ,164.48
AIZN,20.47
AJG,257.91
AJX,3.41
AKA,15.22
AKAM,89.56
AKAN,2.23
AKBA,0.9203
AKLI,0.4299
AKR,18.04
AKRO,22.23
AKTS,0.1141
AKTX,3.0401
AKYA,2.11
AL,46.17
ALAB,56.81
ALAR,40.15
ALB,96
ALBT,0.4445
ALC,87.95
ALCE,0.345
ALCO,25.5506
ALCY,10.72
ALCYW,0.1295
ALDX,3.16
ALE,61.51
ALEC,4.22
ALEX,16.86
ALG,166.42
ALGM,27.965
ALGN,236.395
ALGS,0.37
ALGT,48.82
ALHC,7.815
ALIM,5.52
ALIT,7.06
ALK,39.38
ALKS,24.11
ALKT,29.06
ALL,158.27
ALLE,115.33
ALLG,1.68
ALLK,0.8334
ALLO,2.125
ALLR,0.2125
ALLT,2.52
ALLY,39.04
ALNT,23.99
ALNY,242.075
ALOT,14.45
ALPN,64.97
ALPP,0.38
ALRM,62.31
ALRN,2.7001
ALRS,19.412
ALSA,11.54
ALSAR,0.0839
ALSN,74.73
ALT,6.71
ALTG,7.72
ALTI,4.6
ALTM,3.2
ALTO,1.37
ALTR,97.24
ALUR,1.05
ALV,106.53
ALVO,12.15
ALVR,0.72
ALX,216.33
ALXO,5.7
ALZN,0.395
AM,14.65
AMAL,26.86
AMAT,235.08
AMBA,53.61
AMBC,12.24
AMBI,3.81
AMBO,1.21
AMBP,3.28
AMC,5
AMCR,9.46
AMCX,9.08
AMD,156.7
AME,164.72
AMED,95.86
AMG,154.3794
AMGN,307.64
AMH,37.22
AMIX,0.9303
AMK,34.27
AMKR,40.06
AMLI,0.5275
AMLX,1.74
AMN,48.76
AMP,426.06
AMPG,1.05
AMPH,37.3
AMPL,8.53
AMPS,3.69
AMPX,1.17
AMPY,6.72
AMR,315.66
AMRC,25.77
AMRK,31.92
AMRN,0.684
AMRX,6.32
AMS,3.13
AMSC,22.77
AMSF,43.67
AMST,2.77
AMSWA,9.02
AMT,191.55
AMTB,22.68
AMTD,1.6
AMTX,2.81
AMWD,78.06
AMWL,0.26
AMX,16.8611
AMZN,195.93
AN,160.48
ANAB,23.72
ANDE,48.65
ANEB,2.4
ANET,354.925
ANF,180.3201
ANGH,1.02
ANGI,1.84
ANGO,5.6097
ANIK,25.79
ANIP,62.44
ANIX,2.18
ANL,3.5
ANNX,4.52
ANRO,11
ANSC,10.27
ANSCU,10.3
ANSS,321.16
ANTE,1.05
ANTX,2.0748
ANVS,4.53
ANY,1.01
AOD,8.35
AOGO,10.97
AOMR,12.25
AON,291.72
AONC,1.1
AONCW,
AORT,25.1725
AOS,79.68
AOSL,38.11
AOUT,8.1
AP,0.74
APA,28.965
APAM,39.95
APCA,11.45
APCX,0.97
APCXW,0.38
APD,246
APDN,0.41
APEI,16.95
APG,36.22
APGE,37.38
APH,66.54
API,2.03
APLD,6.28
APLE,14.22
APLM,0.1916
APLS,34.69
APLT,4.2699
APM,3.94
APO,117.33
APOG,61.04
APOS,
APP,82.63
APPF,242.8701
APPN,30.65
APPS,1.57
APRE,3.8
APT,5.66
APTO,0.7401
APTV,67.2
APVO,0.29
APWC,1.52
APXI,11.555
APXIW,0.1651
APYX,1.3342
AQB,1.58
AQMS,0.305
AQN,5.82
AQNB,25.14
AQNU,18.52
AQST,2.36
AQUNR,0.18
AR,32.16
ARAY,1.68
ARBB,0.5208
ARBE,1.996
ARBEW,0.1753
ARBK,1.185
ARBKL,8.78
ARC,2.91
ARCB,105.89
ARCC,20.67
ARCH,164.52
ARCO,8.77
ARCT,20.5201
ARDC,14.825
ARDX,5.07
ARE,115.66
AREB,0.448
AREBW,0.0141
AREC,0.68
AREN,0.781
ARES,135
ARGD,22.3
ARGX,429.27
ARHS,15.35
ARI,9.622
ARIS,15.32
ARKO,5.77
ARKOW,0.4077
ARKR,13.24
ARL,13.91
ARLO,12.7
ARLP,24.8
ARM,155.29
ARMK,33.06
ARMN,3.751
ARMP,2.56
AROC,20.23
AROW,25.86
ARQ,5.4
ARQQ,0.3
ARQQW,0.104
ARQT,8.93
ARR,19.2657
ARRY,9.34
ARTL,1.3
ARTLW,0.0056
ARTNA,34.96
ARTW,1.5
ARVN,24.62
ARW,118.41
ARWR,24.9
ARYD,11.47
AS,12.21
ASA,17.7
ASAI,8.635
ASAN,13.36
ASB,20.75
ASBA,22.4
ASC,22.06
ASCB,11.18
ASCBW,0.0103
ASG,5.315
ASGI,18.3
ASGN,86.89
ASH,91.09
ASIX,21.83
ASLE,6.47
ASLN,0.2764
ASM,0.875
ASMB,13.095
ASML,1025.86
ASND,133.82
ASNS,1.73
ASO,50.1
ASPI,3.05
ASPN,23.447
ASPS,1.27
ASR,291.41
ASRT,1.11
ASRV,2.28
ASST,1.5
ASTC,8.87
ASTE,28.83
ASTH,39.745
ASTI,0.0901
ASTL,6.825
ASTLW,0.8
ASTR,0.5037
ASTS,10.17
ASTSW,3.31
ASUR,8.04
ASX,10.9
ASXC,0.3277
ASYS,5.9901
ATAI,1.29
ATAT,18.6
ATCH,
ATCOL,24.75
ATEC,9.835
ATEK,11.33
ATEN,13.525
ATER,2.45
ATEX,38.67
ATGE,67.23
ATGL,2.41
ATHA,2.47
ATHE,1.77
ATHM,26.65
ATHS,
ATI,53.9
ATIF,0.78
ATIP,4.52
ATKR,130.615
ATLC,28.73
ATLCL,22.26
ATLCP,22.9747
ATLCZ,24.63
ATLO,20.085
ATLX,10.75
ATMC,11.07
ATMU,27.75
ATMV,11.04
ATMVR,
ATMVU,11.1
ATNF,1.4814
ATNFW,0.0095
ATNI,22.755
ATNM,6.9
ATO,115.61
ATOM,3.665
ATOS,1.15
ATPC,0.1903
ATR,137.76
ATRA,7.3101
ATRC,21.96
ATRI,451.335
ATRO,19.72
ATS,32.04
ATSG,13.735
ATUS,1.9
ATXG,0.8001
ATXI,3.34
ATXS,8.93
AU,24.98
AUB,32.63
AUBN,17.5
AUDC,10.165
AUGX,0.911
AUID,8.68
AULT,0.2712
AUMN,0.41
AUNA,7.805
AUPH,5.42
AUR,2.8
AURA,7.15
AUROW,0.1975
AUST,1.0301
AUTL,3.31
AUUD,0.98
AUUDW,0.0458
AUVI,0.2877
AUVIP,0.5004
AVA,33.91
AVAH,2.465
AVAL,2.16
AVAV,168.3
AVB,203.4001
AVBP,17.775
AVD,8.17
AVDL,13.78
AVDX,12.05
AVGO,1622
AVGR,1.71
AVIR,3.22
AVK,11.86
AVNS,19.47
AVNT,41.92
AVNW,27.5501
AVO,9.83
AVPT,10.265
AVPTW,1.64
AVRO,1.38
AVT,50.54
AVTE,1.615
AVTR,20.49
AVTX,12.09
AVXL,4.07
AVY,211.87
AWF,10.51
AWH,0.9504
AWI,110.9
AWIN,0.44
AWINW,
AWK,127.8001
AWP,3.76
AWR,72.49
AWRE,1.92
AWX,2.0673
AX,57.39
AXDX,1.13
AXGN,7.18
AXIL,7.3
AXL,6.88
AXNX,67.21
AXON,286.51
AXP,232.97
AXR,17.41
AXS,68.49
AXSM,78.8
AXTA,33.44
AXTI,3.33
AY,21.88
AYI,241.07
AYRO,0.745
AYTU,2.798
AZ,0.37
AZEK,40.95
AZN,76.46
AZO,2811.335
AZPN,194.59
AZTA,50.8
AZTR,2.15
AZUL,3.7
AZZ,75.35
B,39.74
BA,184.52
BABA,71.97
BAC,39.96
BACA,10.64
BACK,1.7201
BAER,3.18
BAFN,11.65
BAH,150.3
BAK,6.11
BALL,58.94
BALY,11.57
BAM,37.4
BANC,12.85
BAND,16.44
BANF,87.08
BANFP,25.4
BANL,0.715
BANR,48.85
BANX,18.45
BAOS,1.695
BAP,156.5
BARK,1.7
BASE,17.56
BATL,3.49
BATRA,41.05
BATRK,38.98
BAX,32.69
BAYA,10.24
BAYAR,0.19
BAYAU,10.42
BB,2.38
BBAI,1.41
BBAR,8.4301
BBCP,5.83
BBD,2.16
BBDC,9.7038
BBDO,2
BBGI,0.6088
BBIO,24.9
BBLG,1.2
BBLGW,42.98
BBN,16.07
BBSI,31.9
BBU,18.6501
BBUC,20.13
BBVA,10.01
BBW,24.832
BBWI,37.94
BBY,80.53
BC,69.46
BCAB,1.26
BCAL,13.49
BCAN,0.6008
BCAT,16.5004
BCBP,10.33
BCC,115.77
BCDA,2.88
BCDAW,0.0127
BCE,31.125
BCG,5.6
BCGWW,0.1001
BCH,22.44
BCLI,0.343
BCML,20.09
BCO,100.25
BCOV,2.41
BCOW,7.86
BCPC,153.82
BCRX,6.54
BCS,10.734
BCSA,11.18
BCSAU,11.15
BCSAW,0.0423
BCSF,16.3296
BCTX,1
BCTXW,0.1752
BCV,15.62
BCX,9.21
BCYC,19.48
BDC,90.65
BDJ,8.15
BDL,26.23
BDN,4.39
BDRX,0.855
BDSX,1.515
BDTX,4.19
BDX,227.69
BE,10.645
BEAM,22.25
BEAT,2.445
BEATW,0.65
BECN,86.95
BEDU,2.05
BEEM,4.4616
BEEP,3.22
BEKE,14.795
BELFA,80.785
BELFB,65.09
BEN,22.07
BENF,2.09
BENFW,
BEP,24.23
BEPC,27.76
BEPH,15.6485
BEPI,16.51
BEPJ,
BERY,57.8
BEST,2.73
BETR,0.4281
BETRW,
BFAC,11.04
BFAM,107.76
BFC,82.22
BFH,44.83
BFI,0.1651
BFIIW,0.0195
BFIN,10.165
BFK,10.1491
BFLY,0.8651
BFRG,1.65
BFRGW,0.39
BFRI,0.84
BFRIW,0.0381
BFS,36.46
BFST,21.33
BFZ,11.91
BG,107.135
BGB,11.9451
BGC,8.3813
BGFV,2.2632
BGH,14.43
BGI,2.55
BGLC,0.455
BGNE,142.805
BGR,13.17
BGS,7.87
BGSF,8.7
BGT,12.88
BGX,12.45
BGXX,0.26
BGY,5.54
BH,185.01
BHACW,0.078
BHAT,1.07
BHB,26.31
BHC,6.95
BHE,39.11
BHF,43.2
BHFAL,22.06
BHFAM,16.2001
BHFAN,19.25
BHFAO,24.7
BHFAP,22.86
BHIL,0.144
BHK,10.46
BHLB,22.67
BHM,17.25
BHP,57.06
BHR,2.46
BHRB,48.76
BHV,11.03
BHVN,33.94
BIAF,2.17
BIAFW,0.52
BIDU,85.08
BIG,1.51
BIGC,7.715
BIGZ,7.26
BIIB,225.1
BILI,15.26
BILL,53.19
BIMI,1.25
BIO,262.12
BIOL,0.1
BIOR,0.5917
BIOX,10.97
BIP,27.16
BIPC,33.075
BIPH,17.68
BIPI,18.14
BIRD,0.453
BIRK,54.56
BIT,14.43
BITE,9.48
BITF,2.48
BIVI,0.4027
BJ,85.25
BJDX,0.6403
BJRI,35.28
BK,59.89
BKD,7.1
BKDT,98.7
BKE,36.2
BKH,53.975
BKHAU,10.32
BKKT,17.642
BKN,11.9307
BKNG,3876.81
BKR,34.56
BKSY,1.02
BKT,11.7399
BKTI,12.41
BKU,28.81
BKYI,1.5901
BL,47.76
BLAC,10.76
BLBD,46.63
BLBX,2.77
BLCO,14.51
BLD,372.58
BLDE,3.31
BLDEW,0.1689
BLDP,2.1418
BLDR,132.81
BLE,10.75
BLEUR,0.03
BLFS,20.07
BLFY,9.11
BLIN,0.85
BLK,782.67
BLKB,75.35
BLMN,19.01
BLND,2.37
BLNK,2.58
BLRX,0.5228
BLTE,45.35
BLUA,11.06
BLUE,0.92
BLW,13.97
BLX,29.99
BLZE,5.97
BMA,52.07
BMBL,9.52
BME,40.35
BMEA,4.36
BMEZ,15.18
BMI,184.9
BMN,24.35
BMO,83.19
BMR,5.45
BMRA,0.44
BMRC,16.36
BMRN,81.55
BMTX,2.2
BMY,40.41
BN,40.82
BNAI,3.13
BNAIW,0.0332
BNED,6.14
BNGO,0.5467
BNH,16.46
BNIXR,0.0811
BNJ,15.89
BNL,15.62
BNOX,0.6952
BNR,6.195
BNRE,41.64
BNRG,0.872
BNS,45.19
BNTC,7.305
BNTX,78.02
BNY,10.655
BNZI,0.146
BOC,12.87
BOCN,11.16
BODI,8.33
BOE,10.615
BOF,0.66
BOH,56.8901
BOKF,86.43
BOLD,4.12
BOLT,0.7201
BON,2.35
BOOM,14.01
BOOT,127.63
BORR,6.29
BOSC,2.76
BOTJ,10.74
BOWL,14.02
BOWN,10.55
BOWNR,0.11
BOX,25.93
BOXL,0.6128
BP,36.58
BPMC,107.46
BPOP,87.85
BPOPM,25.1486
BPRN,32.2
BPT,2.33
BPTH,1.85
BPYPM,14.47
BPYPN,11.91
BPYPO,13.16
BPYPP,14.36
BQ,0.4963
BR,196.43
BRAC,11.5
BRACR,0.195
BRAG,5.72
BRBR,57.79
BRBS,2.72
BRC,64.52
BRCC,5.89
BRDG,7.24
BREA,0.7301
BREZ,11.36
BREZR,0.1501
BREZW,0.3488
BRFH,3.3638
BRFS,4.08
BRID,9.94
BRKH,11.14
BRKHW,0.2699
BRKL,8.53
BRKR,61.59
BRLS,9.09
BRLSW,0.065
BRLT,2.18
BRN,2.28
BRNS,1.41
BRO,88.31
BROG,0.85
BROGW,0.0034
BROS,41.55
BRP,31.9385
BRSH,0.07
BRSP,5.7309
BRT,17.05
BRTX,1.91
BRW,7
BRX,22.56
BRY,6.41
BRZE,38.998
BSAC,18.31
BSBK,6.6392
BSBR,4.79
BSET,13.54
BSFC,1.75
BSGM,0.35
BSIG,21.965
BSL,14.1057
BSM,15.77
BSRR,22.29
BST,37.51
BSTZ,20.21
BSVN,31.04
BSX,75.91
BSY,48.79
BTA,10.04
BTAI,1.12
BTBD,1.32
BTBT,3.17
BTCM,2.73
BTCS,1.41
BTCT,2.1
BTCTW,0.029
BTCY,0.7506
BTDR,10.41
BTE,3.49
BTG,2.65
BTI,30.935
BTM,1.62
BTMD,7.28
BTMWW,
BTO,28.5
BTOG,1.95
BTSG,10.89
BTSGU,45.26
BTT,20.73
BTTR,3.45
BTU,23.255
BTZ,10.6
BUD,58.23
BUI,22.08
BUJA,10.69
BUR,12.56
BURL,231.24
BURU,0.0323
BUSE,23.79
BV,12.74
BVFL,11.96
BVN,16.32
BVS,5.62
BW,1.52
BWA,31.34
BWAQ,4
BWAQW,0.07
BWAY,5.84
BWB,11.52
BWBBP,18.28
BWEN,3.11
BWFG,25.6
BWG,8.31
BWLP,18.52
BWMN,31.02
BWMX,13.18
BWNB,18.58
BWSN,20
BWXT,93.7584
BX,121.52
BXC,87.6875
BXMT,17.07
BXMX,13.48
BXP,60.195
BXSL,30.4
BY,23.85
BYD,53.69
BYFC,5.32
BYM,11.4
BYND,6.61
BYNO,11.29
BYNOW,0.0326
BYON,12.75
BYRN,9.34
BYSI,2.32
BYU,1.13
BZ,18.27
BZFD,2.71
BZFDW,0.0837
BZH,25.95
BZUN,2.365
C,63.28
CAAP,16.2068
CAAS,3.44
CABA,7.39
CABO,342.76
CAC,32.81
CACC,513.69
CACI,424.61
CACO,0.395
CADE,27.99
CADL,6.09
CAE,18.4
CAF,11.76
CAG,28.19
CAH,96.09
CAKE,37.77
CAL,32.3118
CALB,21.4
CALC,3.8849
CALM,61.59
CALT,38.5
CALX,34.13
CAMP,0.4
CAMT,126.5268
CAN,1
CANF,2.3
CANG,1.66
CAPL,19.61
CAPR,4.67
CAPT,2.28
CAPTW,0.07
CAR,101.89
CARA,0.2651
CARE,14.97
CARG,24.82
CARM,1.44
CARR,61.76
CARS,18.7
CART,32.2
CARV,1.34
CASH,57.1726
CASI,4.96
CASS,40.56
CASY,372.2725
CAT,325.58
CATC,67.97
CATO,5.15
CATX,10.47
CATY,36.82
CAUD,0.5091
CAVA,92.8162
CB,252.44
CBAN,12.24
CBAT,1.17
CBFV,22.22
CBH,8.99
CBL,23.11
CBNK,20.35
CBOE,170.5201
CBRE,85.74
CBRG,11.37
CBRL,40.33
CBSH,55
CBT,88.62
CBU,46.65
CBUS,8.61
CBZ,73.76
CC,22.46
CCAP,18.79
CCB,46.11
CCBG,28.2
CCCC,4.41
CCCS,11.04
CCD,22.5
CCEL,6.9001
CCEP,72.37
CCG,0.72
CCGWW,0.0253
CCI,95.02
CCIA,
CCIF,8
CCIXU,10.1274
CCJ,49.12
CCK,72.2
CCL,17.51
CCLD,1.9275
CCLDO,9.62
CCLDP,7.49
CCM,0.8856
CCNE,19.95
CCNEP,22.28
CCO,1.45
CCOI,54.08
CCRD,13.04
CCRN,13.52
CCS,77.28
CCSI,15.85
CCTG,2.15
CCTS,11.25
CCTSW,0.0517
CCU,11.015
CCZ,58.1
CDAQ,10.89
CDE,5.4
CDIO,0.5309
CDIOW,0.038
CDLR,25.2
CDLX,7.81
CDMO,6.62
CDNA,14.8
CDNS,310.98
CDP,25.04
CDRE,33
CDRO,8.04
CDROW,1.02
CDT,0.86
CDTG,3.5
CDTTW,0.03
CDTX,11.2
CDW,217.1
CDXC,2.55
CDXS,2.8
CDZI,3.02
CDZIP,15.7
CE,131.4
CEAD,6.84
CECO,27.1801
CEE,10.645
CEG,203.1
CEI,0.1094
CEIX,102.97
CELC,16.095
CELH,56.0455
CELU,3.02
CELUW,0.0153
CELZ,3.66
CEM,46.26
CENN,1.5298
CENT,38.44
CENTA,33.1
CENX,16.92
CEPU,8.47
CERE,40.95
CERO,0.2621
CEROW,0.02
CERS,1.68
CERT,13.43
CET,43.8598
CETX,0.2069
CETY,1.26
CEV,10.91
CEVA,18.55
CF,70.44
CFB,14.005
CFBK,18.51
CFFI,43.11
CFFN,5.46
CFFS,10.95
CFG,35.58
CFLT,28.12
CFR,99.16
CFSB,6.57
CG,39.48
CGA,2.005
CGABL,18.06
CGAU,6.59
CGBD,17.69
CGBDL,25.35
CGC,6.2
CGEM,15.85
CGEN,1.68
CGNT,7.61
CGNX,46.4
CGO,11.07
CGON,30.8
CGTX,1.7297
CHAA,6.9
CHCI,6.25
CHCO,105.12
CHCT,22.89
CHD,103.985
CHDN,137.51
CHE,537.3475
CHEF,38.76
CHEK,2.01
CHGG,2.82
CHH,117.75
CHI,11.66
CHK,82.18
CHKEL,66.05
CHKEW,74.4
CHKEZ,70.22
CHKP,164.58
CHMG,46.26
CHMI,3.57
CHN,10.12
CHNR,0.75
CHPT,1.4
CHR,2.6
CHRD,170.21
CHRO,1.27
CHRS,1.3709
CHRW,86.03
CHSCL,25.86
CHSCM,24.96
CHSCN,25.7
CHSCO,27.05
CHSCP,30.41
CHSN,2.7911
CHT,38.4127
CHTR,294.15
CHUY,24.92
CHW,6.85
CHWY,23.62
CHX,32.62
CHY,11.1374
CI,324.22
CIA,2.65
CIB,32.5609
CIEN,47.13
CIF,1.69
CIFR,4.5111
CIFRW,1.4301
CIG,1.73
CIGI,107.16
CII,19.94
CIK,2.96
CIM,12.5536
CINF,118.12
CING,0.3115
CINT,5.15
CIO,4.855
CION,12.15
CISO,0.555
CISS,1.31
CIVB,14.96
CIVI,68.6
CIX,23.36
CJET,0.28
CJJD,2.21
CKPT,2
CKX,12.94
CL,95.02
CLAR,6.22
CLB,19.99
CLBK,14.64
CLBR,10.27
CLBT,12.01
CLBTW,2.81
CLCO,11.6
CLDI,0.19
CLDT,8.34
CLDX,36.955
CLEU,2.79
CLF,15.32
CLFD,36
CLGN,4.95
CLH,217.36
CLIR,0.854
CLLS,1.88
CLM,7.7
CLMB,61.86
CLMT,15.9
CLNE,2.315
CLNN,0.32
CLNNW,0.0441
CLOE,12.15
CLOER,0.21
CLOV,1.185
CLPR,3.6166
CLPS,0.87
CLPT,5.11
CLRB,2.365
CLRC,11.53
CLRCW,0.0279
CLRO,0.6502
CLS,56.95
CLSD,1.21
CLSK,16.915
CLST,11.3213
CLVR,1.5
CLVRW,0.021
CLVT,5.42
CLW,46.06
CLWT,1.64
CLX,133.251
CM,47.11
CMA,50.435
CMAX,1.9513
CMBM,2.475
CMC,52.36
CMCA,11.02
CMCAW,0.0002
CMCL,9.49
CMCM,3.92
CMCO,33.29
CMCSA,37.77
CMCT,2.65
CME,195.99
CMG,60.46
CMI,266.81
CMLS,1.89
CMMB,0.9371
CMND,1.55
CMP,9.8
CMPO,6.81
CMPOW,0.43
CMPR,86.435
CMPS,5.86
CMPX,0.8694
CMRE,16.16
CMRX,0.86
CMS,58.57
CMSA,23.87
CMSC,23.93
CMSD,24.18
CMT,15.47
CMTG,7.89
CMTL,2.955
CMU,3.4
CNA,45.13
CNC,65.34
CNDA,10.5598
CNDT,3.26
CNET,0.73
CNEY,0.442
CNF,1.47
CNFR,0.8102
CNFRZ,23.67
CNGL,10.1699
CNGLW,0.0105
CNHI,11.405
CNI,116.69
CNK,21.3871
CNM,47.69
CNMD,65.885
CNNE,17.78
CNO,27.62
CNOB,18.9
CNOBP,20.2
CNP,30.45
CNQ,35.745
CNS,71.04
CNSL,4.38
CNSP,1.24
CNTA,8.7
CNTB,1.35
CNTG,0.3848
CNTX,1.7654
CNTY,2.5
CNVS,
CNX,24.16
CNXC,63.82
CNXN,63.795
COCH,2.18
COCHW,0.0598
COCO,27.12
COCP,2.35
CODA,5.96
CODI,21.4638
CODX,1.22
COE,10.5227
COEP,0.271
COF,138.725
COFS,27.8
COGT,8.07
COHN,8.29
COHR,71.65
COHU,32.39
COIN,226.3201
COKE,1090
COLB,19.65
COLD,25.6
COLL,32.03
COLM,76.58
COMM,1.13
COMP,3.38
CONN,0.515
COO,85.64
COOK,2.16
COOL,11.1
COOLU,11.2
COOLW,0.2
COOP,80
COOT,0.8606
COOTW,0.025
COP,113.33
COR,219.56
CORT,31.52
CORZ,9.65
CORZW,4.82
CORZZ,9.1713
COSM,0.995
COST,843.08
COTY,9.68
COUR,7.065
COYA,6.05
CP,77.615
CPA,92.43
CPAC,5.72
CPAY,264.87
CPB,45.06
CPBI,10.1
CPF,21.21
CPG,8.515
CPHC,21.5
CPHI,0.2485
CPIX,1.45
CPK,106.04
CPLP,16.9
CPNG,20.7305
CPOP,1.23
CPRI,33.07
CPRT,52.9
CPRX,15.61
CPS,11.82
CPSH,1.68
CPSS,9.65
CPT,108.54
CPTN,2.5
CPTNW,0.0111
CPZ,15.1089
CQP,48.7612
CR,140.95
CRAI,166.7232
CRBG,29.05
CRBP,47.76
CRBU,1.535
CRC,51.75
CRCT,5
CRDF,2.03
CRDL,1.9
CRDO,30.76
CREG,1.04
CRESW,0.39
CRESY,7.83
CREV,6.8384
CREX,4.2958
CRF,7.85
CRGO,2.2002
CRGOW,
CRGX,15.79
CRGY,11.795
CRH,71.175
CRI,61.28
CRIS,6.0679
CRK,10.23
CRKN,4
CRL,201.09
CRM,254.06
CRMD,4.1
CRML,9.78
CRMT,58.87
CRNC,2.83
CRNT,2.4601
CRNX,45.19
CRON,2.24
CROX,143.16
CRS,103.3702
CRSP,52.52
CRSR,10.305
CRT,9.81
CRTO,37.6201
CRUS,127.14
CRVL,250.79
CRVO,15.64
CRVS,1.75
CRWD,381.4696
CRWS,4.86
CSAN,9.45
CSBR,4.86
CSCO,46.9644
CSGP,73.67
CSGS,40.17
CSIQ,13.8
CSL,397.4701
CSLM,11.24
CSLR,1.26
CSLRW,
CSPI,15.05
CSQ,16.84
CSR,67.2
CSSE,0.1032
CSSEL,0.0051
CSSEN,0.59
CSSEP,0.385
CSTE,4.83
CSTL,20.86
CSTM,18.24
CSV,26.505
CSWC,26.0502
CSWCZ,25.85
CSWI,264
CSX,33.54
CTAS,689.28
CTBB,10.01
CTBI,43.23
CTCX,1.6515
CTDD,10.3
CTGO,17.9535
CTHR,1.6601
CTKB,5.58
CTLP,6.55
CTLT,55.985
CTM,0.191
CTMX,1.28
CTNM,20.485
CTNT,0.462
CTO,17.35
CTOS,4.155
CTR,40.16
CTRA,26.491
CTRE,25.07
CTRI,18.95
CTRM,4.5201
CTRN,18.98
CTS,49.14
CTSH,67.7
CTSO,0.74
CTV,1.54
CTVA,52.62
CTXR,0.5028
CUBA,2.32
CUBB,19.4001
CUBE,43.77
CUBI,48.34
CUE,1.0253
CUK,16.12
CULL,10.25
CULP,4.35
CURI,1.06
CURIW,0.0205
CURV,7.31
CUTR,1.35
CUZ,22.8
CVAC,3.28
CVBF,16.98
CVCO,335.7
CVE,19.87
CVEO,23.77
CVGI,4.75
CVGW,22.215
CVI,26.2
CVII,10.77
CVIIU,9.77
CVIIW,0.33
CVKD,0.46
CVLG,48.52
CVLT,121.86
CVLY,23.18
CVM,1.08
CVNA,121.47
CVR,13.92
CVRX,11.42
CVS,57.2292
CVU,2.21
CVV,3.7511
CVX,155.45
CW,268.44
CWAN,18.06
CWBC,17.92
CWCO,23.94
CWD,0.8
CWEN,24.02
CWH,17.56
CWK,10
CWST,95.88
CWT,48.32
CX,6.04
CXAI,2
CXAIW,
CXDO,3.09
CXE,3.69
CXH,7.88
CXM,9.8
CXT,59.25
CXW,13.36
CYBN,0.2535
CYBR,266.33
CYCC,1.6184
CYCCP,9.41
CYCN,2.16
CYD,9.04
CYH,3.3
CYN,0.05
CYRX,6.1722
CYTH,1.21
CYTHW,0.22
CYTK,53.3925
CYTO,1.1657
CZFS,43.87
CZNC,17.19
CZOO,5.85
CZR,36.6
CZWI,11.22
D,48.03
DAC,90.58
DADA,1.365
DAIO,2.73
DAKT,13.04
DAL,46.515
DALN,3.55
DAN,11.8
DAO,3.63
DAR,35.955
DARE,3.5515
DASH,105.9
DATS,1.01
DATSW,0.04
DAVA,29
DAVE,29.46
DAVEW,0.0276
DAWN,13.33
DAY,49.63
DB,16.295
DBD,38.49
DBGI,1.4
DBGIW,11.3
DBI,6.295
DBL,15.31
DBRG,13.1303
DBVT,0.76
DBX,22.33
DC,2.35
DCBO,37.635
DCF,8.75
DCGO,2.885
DCI,70.72
DCO,57
DCOM,20.14
DCOMP,16.75
DCPH,25.56
DCTH,7.78
DD,78.83
DDC,0.571
DDD,2.94
DDI,11.99
DDL,2.01
DDOG,129.88
DDS,424.22
DDT,25.8
DE,359.2519
DEA,12.215
DEC,13.42
DECA,11.21
DECAW,0.0141
DECK,925.03
DEI,13.2
DELL,139.92
DENN,6.73
DEO,124.8
DERM,5.11
DESP,12.45
DFH,24.36
DFIN,59.15
DFLI,0.7312
DFLIW,0.0274
DFP,19
DFS,132.0062
DG,127.825
DGHI,1.29
DGICA,12.64
DGICB,11
DGII,22.8228
DGLY,2.1301
DGX,136.35
DH,5.3126
DHAC,11.22
DHAI,2.69
DHAIW,0.0392
DHC,2.99
DHCNI,13.23
DHCNL,14.87
DHF,2.4199
DHI,133.02
DHIL,143.2
DHR,238.87
DHT,11.15
DHX,2.21
DHY,2.06
DIAX,13.975
DIBS,4.37
DIN,34.4
DINO,53.15
DIOD,69.81
DIS,96.96
DIST,10.73
DIT,146
DJCO,405.22
DJT,31.3201
DJTWW,19.9
DK,24.66
DKL,39.98
DKNG,36.643
DKS,197.13
DLA,0.4191
DLB,80.32
DLHC,10.61
DLNG,3.701
DLO,7.99
DLPN,0.825
DLR,151.92
DLTH,3.5606
DLTR,106.42
DLX,21.96
DLY,15.9
DM,3.9125
DMA,7.98
DMAC,2.72
DMB,10.49
DMF,7.09
DMLP,31.29
DMO,11.96
DMRC,30.39
DMTK,0.089
DMYY,10.66
DNA,0.3142
DNB,9.06
DNLI,21.36
DNMR,0.5506
DNN,2.01
DNOW,13.275
DNP,8.19
DNTH,26.08
DNUT,9.76
DO,15.16
DOC,19.35
DOCN,34.72
DOCS,26.84
DOCU,54.27
DOGZ,16.49
DOLE,12.14
DOMA,6.04
DOMH,1.99
DOMO,7.5501
DOOO,63.27
DOOR,132.75
DORM,90.14
DOUG,1.04
DOV,176.3
DOW,52.22
DOX,78.36
DOYU,11.6
DPCS,11.24
DPG,9.75
DPRO,0.21
DPSI,10.2
DPZ,491.07
DQ,14.2405
DRCT,4.1801
DRD,8.47
DRH,8.22
DRI,146.53
DRIO,1.15
DRMA,2.23
DRQ,18.21
DRRX,1.3
DRS,25.11
DRTS,2.09
DRTSW,0.23
DRUG,1.07
DRVN,12.77
DSGN,3.17
DSGR,28.79
DSGX,96.93
DSL,12.51
DSM,5.85
DSP,10.18
DSS,1.65
DSU,10.88
DSWL,2.46
DSX,2.9
DT,45
DTB,19.23
DTC,2.04
DTCK,1.13
DTE,109.01
DTF,10.95
DTG,19.61
DTI,5.48
DTIL,9.41
DTM,69.57
DTSS,3.12
DTST,6.45
DTSTW,1.28
DTW,23.3562
DUK,99.21
DUKB,25.04
DUO,0.54
DUOL,189.4
DUOT,2.75
DV,19.71
DVA,137.09
DVAX,11.05
DVN,47.545
DWSN,1.8579
DX,11.7
DXC,18.13
DXCM,111
DXF,0.1763
DXLG,3.54
DXPE,43.95
DXR,8.76
DXYN,0.6341
DXYZ,13.4
DY,166.4701
DYAI,1.45
DYCQ,10.17
DYN,34.192
DYNT,0.221
DZSI,1.13
E,31.0601
EA,137.525
EAD,6.66
EAF,0.95
EAI,21.6
EARN,6.82
EAST,0.9601
EAT,70.32
EB,4.53
EBAY,52.03
EBC,13.84
EBF,21.82
EBMT,12.73
EBON,6.04
EBR,6.455
EBS,7.24
EBTC,23.2276
EC,11.05
ECAT,17.55
ECBK,12.43
ECC,10.02
ECCC,22.3431
ECCF,
ECCV,22.47
ECCW,24.008
ECCX,24.26
ECDA,1
ECF,8.2
ECL,234.57
ECO,31.2
ECOR,6.2901
ECPG,41.5886
ECVT,8.7
ECX,1.8225
ECXWW,0.03
ED,88.73
EDAP,5.2
EDBL,1.12
EDBLW,0.0207
EDD,4.55
EDF,5.28
EDIT,4.45
EDN,14.59
EDR,27
EDRY,24.11
EDSA,4.2
EDTK,1
EDU,78
EDUC,1.73
EE,18.37
EEA,8.99
EEFT,102.29
EEIQ,0.85
EEX,5.39
EFC,11.9
EFOI,1.36
EFR,13.16
EFSC,40.03
EFSCP,18.89
EFSH,0.2196
EFT,13.43
EFTR,0.171
EFX,236.395
EFXT,5.27
EG,367.01
EGAN,5.96
EGBN,18.6
EGF,9.35
EGHT,2.19
EGIO,10.61
EGO,14.495
EGP,169.7
EGRX,5.08
EGY,6.16
EH,13.6
EHAB,8.72
EHC,84.9
EHI,7.04
EHTH,4.42
EIC,15.83
EICA,23.33
EICB,24.8
EICC,
EIG,42.66
EIM,10.57
EIX,71.17
EJH,0.999
EKSO,1.01
EL,104.48
ELA,4.42
ELAB,0.572
ELAN,13.83
ELBM,0.4172
ELC,21.7206
ELDN,2.41
ELEV,2.75
ELF,200.16
ELLO,11.755
ELMD,14
ELME,15.6
ELP,6.52
ELPC,
ELS,63.88
ELSE,3.9299
ELTK,9.4
ELTX,3.3419
ELUT,
ELV,530.9
ELVA,2.42
ELVN,21.5
ELWS,2.15
ELYM,6.57
EM,0.8
EMBC,11.845
EMCG,11.24
EMD,9.3
EME,355
EMF,12.41
EMKR,1.11
EML,26.36
EMLD,10.78
EMN,94.33
EMO,40.8001
EMP,21.98
EMR,107.86
EMX,1.78
ENB,35.39
ENFN,8.335
ENG,1.31
ENGN,8.73
ENGNW,1.37
ENIC,2.7
ENJ,21.2
ENLC,13.84
ENLT,14.09
ENLV,1.2862
ENO,22.7175
ENOV,43.77
ENPH,95.21
ENR,29.27
ENS,101.455
ENSC,0.4418
ENSG,123.635
ENSV,0.2213
ENTA,12.78
ENTG,132.49
ENTX,1.61
ENV,60.86
ENVA,62.01
ENVB,0.533
ENVX,14.11
ENX,9.82
ENZ,1.07
EOD,4.89
EOG,126.08
EOI,19.3313
EOLS,10.63
EOS,21.849
EOSE,1.4
EOSEW,0.1726
EOT,16.72
EP,4.95
EPAC,37.43
EPAM,182.64
EPC,39.75
EPD,28.91
EPIX,4.66
EPM,5.22
EPOW,0.74
EPR,41.305
EPRT,27.495
EPRX,2.52
EPSN,5.31
EQ,0.6499
EQBK,35
EQC,19.23
EQH,40.74
EQIX,753.2027
EQNR,28.38
EQR,67.93
EQS,1.3
EQT,36.59
EQX,5.11
ERAS,2.32
ERC,8.9748
ERF,19.96
ERH,9.7201
ERIC,6.17
ERIE,363.06
ERII,12.4638
ERJ,25.24
ERNA,1.77
ERO,21.3016
ES,56.27
ESAB,92.06
ESCA,13.535
ESE,102.37
ESEA,39.37
ESGL,0.9811
ESGLW,
ESGR,317.1
ESGRO,24.3701
ESGRP,25.01
ESHA,10.42
ESHAR,
ESI,26.73
ESLA,1.09
ESLAW,0.0792
ESLT,181.4
ESNT,55.585
ESOA,6.96
ESP,21.25
ESPR,2.24
ESQ,46.77
ESRT,9.25
ESS,271.94
ESSA,17.345
ESTA,42.53
ESTC,113.51
ET,16.31
ETB,14.04
ETD,27.39
ETG,18.56
ETJ,8.8
ETN,309.45
ETNB,7.41
ETO,25.25
ETON,3.25
ETR,105.685
ETRN,12.7946
ETSY,56.96
ETV,13.54
ETW,8.27
ETWO,4.32
ETX,18.7
ETY,13.98
EU,3.83
EUDA,3.26
EURN,16.55
EVA,0.4206
EVAX,2.8
EVBG,34.99
EVBN,28.105
EVC,1.94
EVCM,10.96
EVE,11.115
EVER,20.79
EVEX,3.18
EVF,6.34
EVG,10.7896
EVGN,0.64
EVGO,2.29
EVGOW,0.12
EVGR,11.487
EVH,18.31
EVI,17.4149
EVLV,2.33
EVLVW,0.218
EVM,9.57
EVN,10.27
EVO,4.89
EVOK,0.5
EVR,210.07
EVRG,52.66
EVRI,8
EVT,23.22
EVTC,32.62
EVTL,0.701
EVTV,1.8701
EVV,9.65
EW,89.8
EWBC,73.09
EWCZ,9.71
EWTX,17.99
EXAI,5.01
EXAS,41.89
EXC,34.38
EXEL,22.05
EXFY,1.46
EXG,8.45
EXK,3.45
EXLS,31.3
EXP,211.9529
EXPD,120.13
EXPE,121.81
EXPI,10.315
EXPO,93.56
EXR,151.65
EXTO,4
EXTR,12.785
EYE,12.415
EYEN,0.691
EYPT,7.73
EZFL,1.83
EZGO,1.4302
EZPW,10.26
F,12.72
FA,15.68
FAAS,5.11
FAASW,0.0522
FAF,52.55
FAM,6.24
FAMI,0.6013
FANG,203.8
FANH,1.79
FARM,2.38
FARO,15.885
FAST,61.36
FAT,4.7059
FATBB,4.65
FATBP,13.6
FATE,3.09
FATH,5.05
FAX,2.67
FBIN,63.21
FBIO,1.62
FBIOP,15.94
FBIZ,36.53
FBK,38.56
FBLG,3.97
FBMS,25.6
FBNC,31.1766
FBP,18.24
FBRT,12.47
FBRX,0.5239
FBYD,8.99
FBYDW,1.2
FC,36.995
FCAP,29.75
FCBC,34.8845
FCCO,16.25
FCEL,0.595
FCF,13.75
FCFS,103.8451
FCN,214.41
FCNCA,1704.3
FCNCO,21.955
FCNCP,21.43
FCO,5.75
FCPT,24.55
FCRX,24.0704
FCT,10.09
FCUV,0.2402
FCX,47.7
FDBC,42.2309
FDMT,20.42
FDP,21.69
FDS,411.31
FDUS,19.42
FDX,296.49
FE,38.07
FEAM,1.21
FEBO,15.51
FEDU,11.94
FEIM,8.81
FELE,94.29
FEMY,1.1
FENC,6.03
FENG,2.67
FER,38.99
FERG,187.7
FET,15.8
FEXD,11.39
FF,4.95
FFA,19.548
FFBC,22.13
FFC,14.63
FFIC,13.04
FFIE,0.3839
FFIEW,0.0401
FFIN,28.75
FFIV,170.75
FFNW,21.395
FFWM,6.38
FG,37.3584
FGB,3.9
FGBI,9
FGBIP,18.28
FGEN,0.7318
FGF,0.9031
FGFPP,14.76
FGI,0.85
FGN,25.92
FHB,20.62
FHI,32.68
FHLT,10.96
FHLTW,0.0592
FHN,15.58
FHTX,5.385
FI,146.77
FIACW,0.026
FIBK,27.19
FICO,1487.7
FIGS,5.525
FIHL,16.2
FINS,12.3
FINV,4.795
FINW,10.27
FIP,8.59
FIS,74.135
FISI,18.9
FITB,36.08
FITBI,25.46
FITBO,19.67
FITBP,22.84
FIVE,104.8
FIVN,42.53
FIX,290.3
FIZZ,52.4258
FKWL,3.5
FL,22.9
FLC,15.41
FLEX,29.175
FLFV,2.03
FLGC,0.9696
FLGT,19.7085
FLIC,10.24
FLJ,0.7131
FLL,4.6
FLNC,15.1601
FLNG,26.6803
FLNT,3.4802
FLO,21.98
FLR,42.77
FLS,46.69
FLUT,186.66
FLUX,3.07
FLWS,9.37
FLXS,29.61
FLYW,15.52
FLYX,4
FMAO,22.1595
FMBH,32.3901
FMC,55.3
FMN,11.26
FMNB,12.41
FMS,18.97
FMST,2.8052
FMSTW,0.26
FMX,106.87
FMY,11.81
FN,238.785
FNA,6.48
FNB,13.64
FNCB,6.39
FNCH,1.26
FND,93.1
FNF,48.13
FNGR,1.9
FNKO,9.17
FNLC,24.4301
FNV,117.93
FNVT,11.34
FNWB,9.51
FNWD,24.52
FOA,0.4106
FOF,11.92
FOLD,9.68
FONR,15.84
FOR,29.44
FORA,2.5996
FORD,4.45
FORL,10.96
FORLW,
FORM,60.345
FORR,17.09
FORTY,71.96
FOSL,1.335
FOSLL,12.04
FOUR,72.71
FOX,31.56
FOXA,33.86
FOXF,47.21
FOXO,0.2666
FPAY,1.19
FPF,18.02
FPH,2.93
FPI,11.195
FR,47.4
FRA,13.08
FRAF,27.7501
FRBA,12.78
FRD,14.35
FREE,4.84
FREEW,0.05
FRES,
FREY,1.55
FRGE,1.365
FRGT,0.3106
FRHC,71.88
FRLA,11.2032
FRLAW,0.02
FRME,32.86
FRMEP,25.02
FRO,24.92
FROG,35.91
FRPH,27.79
FRPT,127.855
FRSH,12.78
FRST,10.51
FRSX,0.9405
FRT,100.3847
FRZA,0.38
FSBC,23.83
FSBW,35.15
FSCO,6.37
FSD,12.21
FSEA,8.9
FSFG,18.03
FSI,1.78
FSK,19.74
FSLR,214.37
FSLY,7.02
FSM,4.85
FSP,1.52
FSS,82.15
FSTR,20.27
FSV,152.1554
FT,6.8
FTAI,103.7
FTAIM,25.5874
FTAIN,25.15
FTAIO,25.03
FTAIP,25.06
FTCI,0.3
FTDR,33.385
FTEK,1.03
FTEL,27.3267
FTF,6.35
FTFT,0.4401
FTHM,1.5726
FTHY,14.17
FTI,26.17
FTII,11.07
FTK,4.58
FTLF,32.19
FTNT,59.66
FTRE,23.36
FTS,38.5
FTV,71.73
FUBO,1.25
FUFU,4.2
FUFUW,0.36
FUL,76.41
FULC,6.1
FULT,16.64
FULTP,17.7
FUN,52.64
FUNC,20.35
FUND,7.42
FURY,0.3798
FUSB,9.25
FUSN,21.55
FUTU,63.61
FVCB,10.3108
FVRR,20.775
FWBI,2.84
FWONA,63.01
FWONK,70.31
FWRD,18.78
FWRG,15.905
FXNC,15.12
FYBR,25.825
G,31.59
GAB,5.2
GABC,34.44
GAIA,4.6
GAIN,13.98
GAINL,25.725
GAINN,24.1
GAINZ,22.66
GALT,2.27
GAM,49.22
GAMB,7.96
GAMC,11.04
GAME,1.17
GAN,1.45
GANX,1.12
GAQ,11.25
GASS,7.37
GATE,10.8
GATO,10.07
GATX,130.89
GAU,1.7
GB,4.96
GBAB,15.63
GBBK,11
GBCI,36.8101
GBDC,15.6
GBIO,2.32
GBLI,30.66
GBNY,10.13
GBR,1.61
GBTG,6.25
GBX,48.68
GCBC,32.1
GCI,4.57
GCMG,9.71
GCMGW,0.4311
GCO,23.41
GCT,30.85
GCTK,1.68
GCTS,5.12
GCV,3.62
GD,284.02
GDC,1.07
GDDY,141.15
GDEN,29.28
GDEV,2.502
GDEVW,0.05
GDHG,0.1526
GDL,7.84
GDO,12.14
GDOT,9.33
GDRX,7.645
GDS,9.3
GDST,11.22
GDSTR,0.18
GDSTW,0.05
GDTC,2.0297
GDV,22.6
GDYN,10.22
GE,158.25
GECC,10.1363
GECCI,25.22
GECCM,24.9627
GECCZ,25.1201
GEF,56.5
GEG,1.76
GEGGL,23
GEHC,75.68
GEL,14.38
GEN,24.555
GENC,18.62
GENE,1.37
GENI,5.29
GENK,8.2801
GEO,14.8701
GEOS,8.835
GERN,4.16
GES,19.6
GETR,0.1339
GETY,3.12
GEV,165.41
GEVO,0.5303
GF,8.045
GFAI,2.18
GFAIW,0.1888
GFF,63.97
GFI,14.64
GFL,38.36
GFR,6.79
GFS,49.91
GGAL,27.16
GGB,3.22
GGG,77.81
GGN,4.02
GGR,1.48
GGROW,0.08
GGT,5.31
GGZ,11.24
GH,28
GHC,696.79
GHG,2.45
GHI,14.63
GHIX,10.57
GHIXW,0.0751
GHLD,13.63
GHM,28.11
GHRS,11.7
GHSI,9.75
GHY,11.9052
GIB,99.01
GIC,30.7
GIFI,6.11
GIGM,1.26
GIII,26.515
GIL,37.58
GILD,67.58
GILT,4.43
GIPR,4
GIPRW,0.3
GIS,62.9
GJH,9.3
GJR,25.2
GJS,22.435
GJT,22.455
GKOS,117.48
GL,82.54
GLAC,10.3
GLACU,10.48
GLAD,23.36
GLADZ,25.25
GLBE,36.15
GLBS,1.85
GLBZ,3.95
GLDD,8.472
GLDG,0.8611
GLLI,11.15
GLLIR,0.1597
GLLIU,11.2998
GLLIW,0.05
GLMD,0.28
GLNG,30.945
GLO,5.31
GLOB,176.04
GLP,45.03
GLPG,25.02
GLPI,43.88
GLQ,6.96
GLRE,12.6
GLSI,16.61
GLST,11.02
GLT,1.215
GLTO,0.46
GLU,13.7801
GLUE,3.54
GLV,5.6506
GLW,38.15
GLYC,0.268
GM,46.37
GMAB,24.53
GME,23.1
GMED,67.46
GMFI,11.04
GMGI,2.47
GMM,0.8322
GMRE,8.93
GMS,78.1
GNE,14.97
GNFT,3.8901
GNK,21.36
GNL,7.325
GNLN,0.2515
GNLX,1.71
GNPX,1.89
GNRC,133.3763
GNS,0.23
GNSS,2.15
GNT,5.51
GNTA,3.0936
GNTX,33.5985
GNTY,30.37
GNW,6.05
GO,21.78
GOCO,10.3
GODN,10.805
GODNR,
GOEV,2.01
GOEVW,0.0606
GOF,14.9
GOGL,13.88
GOGO,9.4
GOLD,16.41
GOLF,60.42
GOOD,14.0597
GOODN,21.53
GOODO,19.1999
GOOG,183.07
GOOGL,181.565
GOOS,12.61
GORO,0.374
GORV,2.72
GOSS,0.9297
GOTU,4.87
GOVX,2.9
GOVXW,0.1195
GP,1.0003
GPAC,10.76
GPAK,0.1538
GPATU,10.05
GPC,133.38
GPCR,38.0525
GPI,292.94
GPJA,24.92
GPK,25.155
GPMT,2.86
GPN,95.75
GPOR,151.31
GPRE,15.0912
GPRK,10.6
GPRO,1.32
GPS,22.855
GRAB,3.46
GRABW,0.1699
GRBK,54.48
GRC,35.71
GRDI,1.1001
GRDIW,0.0601
GREE,2.98
GREEL,10.2251
GRF,9.2701
GRFS,6.235
GRFX,0.339
GRI,1.6
GRIN,13.84
GRMN,160.29
GRND,11.6416
GRNQ,0.9601
GRNT,6.34
GROM,0.3615
GROV,1.71
GROW,2.57
GROY,1.37
GRPN,14.89
GRRR,2.56
GRRRW,0.04
GRTS,0.52
GRTX,0.122
GRVY,77.625
GRWG,2.17
GRX,9.365
GRYP,1.21
GS,459.6
GSAT,1.07
GSBC,54.71
GSBD,15.14
GSHD,55.21
GSIT,2.6153
GSIW,6.77
GSK,37.805
GSL,28.655
GSM,5.4
GSMGW,0.0044
GSUN,6.1633
GT,11.03
GTACW,0.0501
GTBP,2.67
GTE,9.56
GTEC,1.39
GTES,15.44
GTHX,2.335
GTI,4.36
GTIM,2.3707
GTLB,50.72
GTLS,140.62
GTN,4.945
GTX,8.54
GTY,26.4
GUG,15.15
GURE,1.09
GUT,5.93
GUTS,4.3
GV,2.19
GVA,59.97
GVH,0.9
GVP,3.7813
GWAV,1.65
GWH,0.7105
GWRE,138.08
GWRS,11.95
GWW,891.53
GXAI,2.7059
GXO,48.37
GYRE,11.5
GYRO,8.13
H,148.285
HA,12.12
HAE,82.4
HAFC,16.39
HAFN,8.23
HAIA,11.32
HAIN,6.88
HAL,33.38
HALO,50.68
HAO,4.605
HAS,56.12
HASI,28.2
HAYN,58.47
HAYW,12.035
HBAN,13.02
HBANL,24.5
HBANM,21.46
HBANP,17.38
HBB,16.49
HBCP,38.55
HBI,4.73
HBIO,2.77
HBM,9.01
HBNC,12.47
HBT,20.08
HCA,314.45
HCAT,6.0001
HCC,70.88
HCI,90.96
HCKT,21.58
HCM,17.17
HCP,33.61
HCSG,10.95
HCTI,0.475
HCVI,10.58
HCVIW,0.1498
HCWB,0.6
HCXY,24.7
HD,332.53
HDB,65.1
HDSN,8.374
HE,8.16
HEAR,13.78
HEES,42.53
HEI,221.39
HELE,88.53
HEPA,1.01
HEPS,2.2997
HEQ,10.31
HES,147.505
HESM,36.61
HFBL,11.16
HFFG,2.85
HFRO,6.14
HFWA,17.83
HG,15.66
HGAS,0.2
HGASW,0.048
HGBL,2.39
HGLB,7.38
HGTY,10.54
HGV,39.21
HHGC,11.6
HHGCW,0.0105
HHH,63.4801
HHS,8.27
HI,38.11
HIBB,87.1
HIE,11.0881
HIFS,183
HIG,98.96
HIHO,2.06
HII,244.5135
HIMS,20.53
HIMX,7.57
HIO,3.82
HIPO,14.885
HITI,2
HIVE,2.98
HIW,26.23
HIX,4.3841
HKD,3.46
HKIT,1.677
HL,4.76
HLF,10.3
HLI,133.89
HLIO,46.55
HLIT,11.76
HLLY,3.425
HLMN,8.73
HLN,8.245
HLNE,123.56
HLP,1.9015
HLT,213.215
HLTH,0.0434
HLVX,14
HLX,11.945
HLXB,10.15
HMC,32.28
HMN,32.22
HMNF,22.9
HMST,11.12
HMY,9.04
HNI,44.97
HNNA,7.06
HNNAZ,23.6575
HNRA,2.335
HNRG,7.78
HNST,2.71
HNVR,16.21
HNW,11.65
HOFT,14
HOFV,2.8001
HOFVW,0.011
HOG,31.65
HOLI,24.73
HOLO,0.8686
HOLOW,0.0502
HOLX,73.21
HOMB,23.56
HON,210.96
HONE,10.94
HOOD,22.07
HOOK,0.5759
HOPE,10.57
HOTH,0.883
HOUR,0.9
HOUS,3.2
HOV,134.05
HOVNP,17.8001
HOVR,0.5056
HOVRW,0.0125
HOWL,2.04
HP,35.66
HPCO,0.815
HPE,20.81
HPF,17.02
HPH,6.32
HPI,16.61
HPK,14.065
HPKEW,4.2
HPP,4.69
HPQ,34.4
HPS,15.76
HQH,17.46
HQI,11.94
HQL,14.24
HQY,84.84
HR,16.33
HRB,54.25
HRI,128.685
HRL,30.35
HRMY,29.12
HROW,20.3555
HROWL,25.37
HROWM,26.66
HRT,14.35
HRTG,6.33
HRTX,2.71
HRYU,0.2401
HRZN,11.97
HSAI,4.2601
HSBC,43.69
HSCS,4.89
HSDT,0.942
HSHP,8.9056
HSIC,65.0945
HSII,31.52
HSON,15.39
HSPO,11.02
HST,17.53
HSTM,27.3862
HSY,181.8238
HTBI,30.13
HTBK,8.5
HTCR,0.6896
HTD,20.03
HTFB,24
HTFC,23.9
HTGC,20.515
HTH,30.77
HTHT,32.76
HTIA,14.5
HTIBP,13.9814
HTLD,12.07
HTLF,43.82
HTLFP,25.02
HTOO,0.81
HTOOW,0.0442
HTZ,3.45
HTZWW,2.42
HUBB,358.155
HUBC,0.75
HUBCW,
HUBCZ,
HUBG,42.57
HUBS,576.1
HUDA,13.11
HUDAR,0.232
HUDI,2.28
HUGE,0.13
HUIZ,0.9502
HUM,373.17
HUMA,5.05
HUMAW,1.6
HUN,22.26
HURC,15.28
HURN,98.26
HUSA,1.22
HUT,14.66
HUYA,4.08
HVT,24.27
HWBK,20.01
HWC,47.09
HWCPZ,22.9537
HWH,0.98
HWKN,87.235
HWM,76.85
HXL,62
HY,66.12
HYAC,10.51
HYB,7.33
HYFM,0.6801
HYI,11.59
HYLN,1.48
HYMC,2.23
HYMCL,0.0202
HYMCW,0.012
HYPR,0.891
HYT,9.68
HYW,0.3008
HYZN,0.29
HYZNW,0.0147
HZO,30.47
IAC,45.6
IAE,6.3
IAF,4.2103
IAG,3.6
IART,28.581
IAS,9.68
IAUX,1.01
IBAC,9.97
IBACR,0.0927
IBCP,25.76
IBEX,15.91
IBIO,1.86
IBKR,126.7
IBM,174.32
IBN,28.35
IBOC,57.71
IBP,195.34
IBRX,6.015
IBTA,68.02
IBTX,45.06
ICAD,1.19
ICCC,4.1
ICCM,0.7085
ICCT,0.87
ICD,1.23
ICE,136.96
ICFI,133.54
ICG,7.9
ICHR,39.3
ICL,4.15
ICLK,1.235
ICLR,315.03
ICMB,3.34
ICU,8.3365
ICUCW,0.0452
ICUI,115.26
IDA,91.66
IDAI,0.4432
IDCC,116.28
IDE,10.2
IDEX,0.8821
IDN,3.51
IDR,9.8545
IDT,35.83
IDXX,473.16
IDYA,33.38
IE,9.405
IEP,16.26
IESC,132.76
IEX,195.06
IFBD,2.74
IFF,93.307
IFIN,11.62
IFN,17.66
IFRX,1.66
IFS,22.25
IGA,8.82
IGC,0.4207
IGD,5.1
IGI,16.96
IGIC,14.1
IGMS,6.35
IGR,4.9601
IGT,19.86
IGTA,11.29
IGTAR,0.15
IGTAW,0.0841
IH,1.75
IHD,5.37
IHG,103.37
IHRT,1.05
IHS,2.9
IHT,1.76
IHTA,7.3
IIF,26.74
III,3.03
IIIN,30.04
IIIV,21.72
IIM,12.34
IINN,1.19
IINNW,0.42
IIPR,107.29
IKNA,1.61
IKT,1.2
ILAG,0.3711
ILMN,105.48
ILPT,3.5
IMAB,1.57
IMAQ,11.5
IMAQU,11.06
IMAX,16.73
IMCC,0.4207
IMCR,34.3
IMKTA,68.025
IMMP,1.83
IMMR,9.39
IMMX,1.9
IMNM,11.5
IMNN,1.24
IMO,67.85
IMOS,25.81
IMPP,3.73
IMPPP,24.44
IMRN,2.12
IMRX,1.05
IMTE,1.86
IMTX,11.66
IMTXW,3
IMUX,1.071
IMVT,26.25
IMXI,20.24
INAB,0.7605
INAQ,11.3
INAQW,
INBK,27.16
INBKZ,24.55
INBS,1.81
INBX,13.33
INCR,2.0101
INCY,58.6315
INDB,49.39
INDI,6.01
INDO,2.6101
INDP,2.14
INDV,15.2
INFA,30.01
INFN,6.105
INFU,6.665
INFY,19.04
ING,17.445
INGN,7.62
INGR,111.85
INHD,0.611
INKT,0.8851
INLX,6.95
INM,0.245
INMB,7.99
INMD,17.15
INN,5.74
INNV,4.92
INO,8.31
INOD,14.95
INSE,8.9
INSG,11
INSI,16.2
INSM,63.88
INSP,133.59
INST,23.425
INSW,58.86
INTA,36.375
INTC,30.585
INTE,10.97
INTG,20.65
INTJ,1.01
INTR,5.8
INTS,4.87
INTT,10.21
INTU,649.71
INTZ,1.08
INUV,0.2522
INVA,16.415
INVE,4.11
INVH,35.68
INVO,0.755
INVZ,0.9
INVZW,0.1451
INZY,4.32
IOBT,1.1
IONM,0.3025
IONQ,6.84
IONR,3.9
IONS,44.81
IOR,16.25
IOSP,121.93
IOT,34.85
IOVA,7.69
IP,42.645
IPA,0.99
IPAR,114
IPDN,0.4476
IPG,28.06
IPGP,83.3
IPHA,2.06
IPI,22.6
IPSC,2.21
IPW,1.7
IPWR,6.52
IPX,15.31
IPXX,10.6
IPXXU,
IQ,3.58
IQI,9.95
IQV,206.95
IR,89.05
IRAA,11.5
IRBT,8.65
IRDM,26.52
IREN,12.18
IRIX,1.95
IRM,89.57
IRMD,43.11
IROH,10.055
IROHW,0.0417
IRON,41.22
IROQ,16.34
IRS,8.21
IRT,18.75
IRTC,98.105
IRWD,6.215
ISD,12.91
ISDR,7.99
ISPC,0.29
ISPO,3.54
ISPR,7.555
ISRG,432.22
ISRL,11
ISRLW,
ISSC,5.7302
ISTR,15.15
ISUN,0.037
IT,441.36
ITCI,68.16
ITGR,115.26
ITI,4.21
ITIC,175
ITOS,14.17
ITP,0.223
ITRG,0.9
ITRI,97.57
ITRM,1.05
ITRN,24.16
ITT,125.31
ITUB,5.69
ITW,233.34
IVA,2.8401
IVAC,3.77
IVCA,11.33
IVCB,11.34
IVCBW,0.0725
IVCP,10.94
IVCPW,0.0698
IVDA,0.42
IVDAW,0.045
IVP,1.29
IVR,9.23
IVT,24.41
IVVD,1.1
IVZ,14.79
IX,111.45
IXAQ,11.41
IXAQW,0.08
IXHL,2.9
IZEA,2.2501
IZM,1.9
J,136.92
JACK,47.42
JAGX,3.4
JAKK,17.76
JAMF,16.79
JAN,1.97
JANX,39.22
JAZZ,104.48
JBGS,15.1
JBHT,158.21
JBI,12.32
JBK,25.77
JBL,107.5
JBLU,5.8
JBSS,95.204
JBT,90.03
JCE,14.83
JCI,65.63
JCSE,0.85
JCTCF,4.46
JD,25.575
JEF,49.74
JELD,12.885
JEQ,5.85
JEWL,0.2401
JFBR,0.29
JFBRW,0.0303
JFIN,6.16
JFR,8.75
JFU,2
JG,2.66
JGH,12.75
JHG,33.7
JHI,13.24
JHS,10.92
JHX,31.1
JILL,34.65
JJSF,162.644
JKHY,163.31
JKS,20.35
JL,0.47
JLL,197.55
JLS,17.9001
JMIA,7.01
JMM,5.93
JMSB,16.6863
JNJ,145.74
JNPR,36.52
JNVR,0.8
JOB,0.2981
JOBY,4.87
JOE,53.95
JOF,7.52
JOUT,33.24
JPC,7.445
JPI,19.33
JPM,204.77
JQC,5.65
JRI,12.2901
JRS,7.6316
JRSH,2.88
JRVR,7.41
JSM,18.94
JSPR,22.725
JSPRW,0.195
JTAI,0.2941
JTAIW,
JTAIZ,0.31
JUNE,4.15
JVA,2.12
JVSA,10.16
JWEL,1.9892
JWN,21.23
JWSM,11.1
JXJT,1.115
JXN,74.4874
JYD,0.511
JYNT,12.7916
JZ,0.93
JZXN,0.2911
K,56.39
KA,0.5369
KACL,12.05
KAI,290.45
KALA,6.52
KALU,87.12
KALV,11.48
KAR,16.44
KARO,29.73
KAVL,1.32
KB,58.31
KBH,65.365
KBR,63.47
KC,2.41
KCGI,11.09
KD,26.51
KDP,32.575
KE,21.39
KELYA,21.26
KELYB,21.6
KEN,23.95
KEP,6.965
KEQU,44.99
KEX,120.119
KEY,14.155
KEYS,135.08
KF,24.42
KFFB,3.1
KFRC,61.02
KFS,8.035
KFY,66.52
KGC,7.89
KGEI,3.25
KGS,27.08
KHC,31.72
KIDS,27.98
KIM,19.21
KIND,2.55
KINS,4.89
KIO,13.58
KIRK,1.565
KITT,0.1295
KITTW,0.025
KKR,103.63
KKRS,19.09
KLAC,818.325
KLG,16.32
KLIC,48.2
KLTR,1.12
KLXE,4.88
KMB,136.975
KMDA,4.94
KMI,19.4737
KMPB,22.11
KMPR,58.57
KMT,22.83
KMX,70.75
KN,17.08
KNDI,2.04
KNF,68.14
KNOP,8.43
KNSA,18.1
KNSL,381.08
KNTK,41.76
KNW,0.4
KNX,49.6
KO,62.855
KOD,2.23
KODK,5.3
KOF,80.9
KOP,36.23
KOPN,0.8029
KORE,1.5
KOS,5.55
KOSS,4.3104
KPLT,15.76
KPLTW,0.016
KPRX,4.27
KPTI,0.785
KR,50.255
KRC,31.16
KREF,8.87
KRG,22.155
KRKR,0.3001
KRMD,2.22
KRNL,11.01
KRNLW,0.125
KRNT,14.27
KRNY,5.96
KRO,12.3633
KRON,1.16
KROS,42.39
KRP,16.57
KRRO,32.925
KRT,27.47
KRUS,60.3
KRYS,177.36
KSCP,0.27
KSM,9.8533
KSPI,127.36
KSS,21.27
KT,13.13
KTB,64.58
KTCC,3.79
KTF,9.48
KTH,28.07
KTN,26.3846
KTOS,19.68
KTRA,0.255
KTTA,4.83
KUKE,1.28
KULR,0.3841
KURA,20.475
KVAC,10.585
KVACU,
KVACW,0.0508
KVHI,4.38
KVUE,17.99
KVYO,24.26
KW,9.73
KWE,0.4003
KWESW,0.0265
KWR,168.51
KXIN,0.1207
KYMR,29.52
KYN,10.23
KYTX,7.6828
KZIA,0.2104
KZR,0.538
L,74.13
LAAC,3.0101
LAB,1.71
LABP,22.75
LAC,2.51
LAD,249.895
LADR,11.12
LAES,0.6557
LAKE,21.38
LAMR,117.84
LANC,187.82
LAND,13.44
LANDM,24.1
LANDO,21.1
LANDP,20.72
LANV,1.88
LARK,19.02
LASE,1.88
LASR,10.76
LATG,11.39
LAUR,14.5
LAW,4.92
LAZ,38.4
LAZR,1.4
LBAI,13.09
LBPH,30
LBRDA,53.72
LBRDK,54.03
LBRDP,22.36
LBRT,20.025
LBTYA,17.43
LBTYB,17.77
LBTYK,17.83
LC,8.24
LCFY,2.388
LCFYW,4.75
LCID,2.64
LCII,101.18
LCNB,13.09
LCTX,0.9235
LCUT,7.54
LCW,10.925
LDI,1.55
LDOS,145.05
LDP,19.88
LDTC,0.81
LDTCW,0.027
LDWY,4.4613
LE,12.36
LEA,113.5
LECO,184.49
LEDS,1.2201
LEE,10.6
LEG,10.965
LEGH,22.1175
LEGN,44.57
LEGT,
LEN,141.13
LENZ,17.305
LEO,6.09
LESL,3.75
LEU,41.22
LEV,0.85
LEVI,18.87
LEXX,2.55
LEXXW,0.845
LFCR,4.47
LFLY,2.02
LFLYW,0.0164
LFMD,6.59
LFMDP,23
LFST,4.97
LFT,2.26
LFUS,247.19
LFVN,6.2002
LFWD,3.5175
LGCB,2.9
LGCL,1.93
LGHL,0.3826
LGHLW,0.0071
LGI,16.67
LGIH,87.9
LGL,5.15
LGMK,0.601
LGND,84.04
LGO,1.8
LGVN,1.51
LH,201.94
LHX,221.77
LI,19.0501
LICN,1.45
LICY,5.04
LIDR,1.69
LIDRW,0.0149
LIFE,1.82
LIFW,0.3
LIFWW,
LII,523.78
LILA,9.415
LILAK,9.38
LILM,0.775
LILMW,0.075
LIN,424.63
LINC,11.65
LIND,9.02
LINK,3.69
LIPO,0.4302
LIQT,2.23
LITB,0.8551
LITE,51.3
LITM,0.71
LIVE,21.13
LIVN,52.75
LIXT,2.35
LKCO,0.6802
LKFN,60.54
LKQ,41.49
LL,1.23
LLAP,0.780101
LLY,878.5
LLYVA,37.3
LLYVK,38.32
LMAT,80.14
LMB,54.55
LMFA,4.36
LMND,15.95
LMNR,20.1
LMT,464.0201
LNC,31.1
LND,4.54
LNG,172.95
LNKB,6.2
LNN,112.89
LNSR,4.21
LNT,50.95
LNTH,78.43
LNW,102.65
LNZA,1.755
LNZAW,
LOAN,5.2
LOAR,53.02
LOB,33.95
LOBO,2.71
LOCL,2.8709
LOCO,10.84
LODE,0.15
LOGI,93.63
LOMA,6.4601
LOOP,2.1
LOPE,140.48
LOT,6.15
LOVE,21.665
LOW,211.8
LPA,10.08
LPCN,7.328
LPG,41.35
LPL,4.21
LPLA,280.75
LPRO,5.55
LPSN,0.57
LPTH,1.3
LPTV,0.116
LPTX,1.68
LPX,81.1
LQDA,11.81
LQDT,19.69
LQR,0.94
LRCX,1046.54
LRE,1.6
LRFC,22.485
LRHC,1.8704
LRMR,7.67
LRN,68.59
LSAK,4.6295
LSBK,11.8
LSCC,57.54
LSDI,0.4801
LSEA,8.57
LSEAW,0.1601
LSF,4.8001
LSPD,13.52
LSTA,3.41
LSTR,183.5101
LSXMA,22.12
LSXMB,21.55
LSXMK,22.09
LTBR,3.5
LTC,34.24
LTH,18.61
LTRN,4.4
LTRX,3.55
LTRY,0.85
LTRYW,0.0082
LU,2.44
LUCD,0.75
LUCY,0.482
LULU,299.68
LUMN,1.05
LUMO,2.17
LUNA,2.82
LUNG,6.21
LUNR,3.4805
LUNRW,
LUV,27.91
LUXH,0.2219
LUXHP,12.62
LVLU,1.84
LVO,1.42
LVRO,5.11
LVROW,
LVS,42.24
LVTX,1.8501
LVWR,7.17
LW,81.12
LWAY,12.01
LWLG,2.9
LX,1.625
LXEH,0.3803
LXEO,13.8
LXFR,11.2209
LXP,9.2
LXRX,1.6
LXU,7.84
LYB,94.21
LYEL,1.42
LYFT,13.39
LYG,2.74
LYRA,0.28
LYT,1.93
LYTS,14.06
LYV,94.3
LZ,8.17
LZB,36.5539
LZM,8.01
M,17.765
MA,435
MAA,139.98
MAC,14.44
MACA,11.32
MACK,15.14
MAG,11.5918
MAIA,3.3
MAIN,50.4001
MAMA,6.45
MAMO,3.64
MAN,69
MANH,244.51
MANU,16.18
MAPS,1.075
MAPSW,0.0552
MAQC,11.225
MAQCW,0.0182
MAR,236.71
MARA,21.54
MARPS,3.82
MAS,64.51
MASI,112.071
MASS,4.65
MAT,16.13
MATH,1.29
MATV,15.91
MATW,24.57
MATX,128.895
MAV,8.1899
MAX,12.425
MAXN,0.17
MAYS,43.25
MBC,14.43
MBCN,21.55
MBI,5.02
MBIN,40.82
MBINM,25.02
MBINN,21.11
MBINO,24.65
MBIO,0.4912
MBLY,27.3
MBNKP,24.79
MBOT,0.963
MBRX,3.5518
MBUU,33.09
MBWM,39.74
MC,56.95
MCAA,11.66
MCAAW,0.0779
MCAC,11.15
MCAG,10.95
MCAGU,11
MCB,42.78
MCBC,14.58
MCBS,26.01
MCD,247.41
MCFT,17.55
MCHP,91.01
MCHX,1.3559
MCI,18.3101
MCK,575.55
MCN,7.35
MCO,418.12
MCR,6.25
MCRB,0.7
MCRI,65.81
MCS,10.755
MCVT,2.785
MCW,6.75
MCY,51.8393
MD,6.94
MDAI,1.76
MDAIW,
MDB,259.43
MDBH,7.31
MDGL,271.44
MDIA,2.75
MDJH,1.15
MDLZ,65.1
MDRR,5.7
MDRRP,24.25
MDT,76.52
MDU,24.55
MDV,13.8901
MDWD,15.21
MDXG,6.71
MDXH,2.25
ME,0.3653
MEC,16.11
MED,20.06
MEDP,400.1
MEDS,14
MEG,40.28
MEGI,12.69
MEGL,0.5212
MEI,9.76
MEIP,2.78
MELI,1583.35
MEOH,47.5
MERC,8.06
MESA,1.37
MESO,6.34
MET,69.49
META,499.45
METC,13.74
METCB,10.59
METCL,25.77
MFA,10.44
MFAN,25.2
MFAO,25.4237
MFC,26.11
MFD,7.49
MFG,4.3
MFH,1.6901
MFI,0.8113
MFIC,15.035
MFICL,25.14
MFIN,7.936
MFM,5.35
MG,8.01
MGA,41.48
MGEE,73.66
MGF,3.0681
MGIC,10.01
MGIH,1.41
MGLD,1.32
MGM,42.25
MGNI,13.28
MGNX,4.03
MGOL,0.521
MGPI,72.23
MGR,22.1325
MGRB,18.8346
MGRC,103.29
MGRD,16.43
MGRE,25.4
MGRM,2
MGRX,0.2941
MGTX,3.92
MGX,4.16
MGY,25.435
MGYR,11.24
MHD,11.93
MHF,6.83
MHH,7.47
MHI,9.07
MHK,109.17
MHLA,14.66
MHLD,1.96
MHN,10.7
MHNC,17.45
MHO,116.09
MHUA,0.85
MI,
MICS,1.1101
MIDD,118.41
MIGI,1.48
MIN,2.65
MIND,4.06
MINDP,11.65
MINM,3.1601
MIO,11.68
MIR,10.53
MIRA,0.6003
MIRM,33.45
MIST,1.12
MITAW,0.0438
MITK,10.95
MITN,25.1745
MITQ,0.618
MITT,6.49
MIY,11.43
MKC,69.62
MKFG,0.408
MKL,1565.25
MKSI,129.11
MKTW,1.12
MKTX,193.05
ML,69.75
MLAB,87.41
MLCO,6.92
MLEC,1.06
MLECW,0.041
MLGO,10.72
MLI,56.095
MLKN,26.04
MLM,525.69
MLNK,21.23
MLP,21.035
MLR,53.715
MLSS,0.65
MLTX,39.995
MLYS,12.06
MMA,3.21
MMAT,2.9256
MMC,209.55
MMD,16.36
MMI,30.27
MMLP,3.15
MMM,100.46
MMS,84.98
MMSI,85.98
MMT,4.695
MMU,10.25
MMV,0.64
MMVWW,
MMYT,85.63
MNDO,1.86
MNDR,1.41
MNDY,235.95
MNKD,4.95
MNMD,6.95
MNOV,1.4
MNPR,0.715
MNR,19.67
MNRO,23.21
MNSB,16.32
MNSBP,22.3127
MNSO,18.08
MNST,49.13
MNTK,5.13
MNTN,11.24
MNTS,0.5044
MNTSW,0.0096
MNTX,3.99
MNY,1.84
MNYWW,0.0875
MO,45.76
MOB,0.99
MOBX,1.69
MOBXW,0.16
MOD,102.5
MODD,1.51
MODG,14.76
MODN,29.97
MODV,26.97
MOFG,22.29
MOGO,1.4601
MOGU,2.23
MOH,289.98
MOLN,6.795
MOMO,6.05
MOND,2.345
MOR,18.025
MORF,31.21
MORN,297.66
MOS,27.54
MOV,24.4
MOVE,0.28
MP,12.79
MPA,12.5
MPAA,5.82
MPB,21.95
MPC,173.51
MPLN,0.2664
MPLX,42.54
MPTI,34.5558
MPU,2.421
MPV,16.1802
MPW,3.92
MPWR,815.72
MPX,9.235
MQ,5.5
MQT,10.2152
MQY,12.225
MRAI,0.6691
MRAM,6.01
MRBK,10.28
MRC,12.59
MRCC,7.38
MRCY,28.45
MRDB,0.5137
MREO,3.44
MRIN,2.27
MRK,126.66
MRKR,5.24
MRM,4.04
MRNA,114.02
MRNO,9.45
MRNOW,0.1648
MRNS,1.15
MRO,28.41
MRSN,1.815
MRT,1.57
MRTN,18.09
MRUS,52.82
MRVI,6.715
MRVL,69.87
MRX,19.14
MS,98.62
MSA,183.215
MSAI,1.6111
MSAIW,0.0222
MSB,17.22
MSBI,22.64
MSBIP,24.8
MSC,5.6
MSCI,478.8311
MSD,7.3
MSDL,
MSEX,52.95
MSFT,453.113
MSGE,33.85
MSGM,2.335
MSGS,192.68
MSI,384.99
MSM,76.8
MSN,0.5321
MSS,1.3
MSSA,11.315
MSTR,1306.57
MT,22.665
MTA,2.69
MTAL,14.05
MTB,148.81
MTC,0.4
MTCH,29.21
MTD,1351.49
MTDR,59.57
MTEK,1.48
MTEM,1.1501
MTEN,2.38
MTEX,6.79
MTG,21.56
MTH,152.16
MTLS,4.72
MTN,172.19
MTNB,0.153
MTR,8.6024
MTRN,104.46
MTRX,9.26
MTSI,110.26
MTTR,4.3
MTUS,20.06
MTW,10.54
MTX,81.46
MTZ,100.79
MU,129.42
MUA,11.51
MUC,11.02
MUE,10.12
MUFG,11.135
MUI,12.3
MUJ,11.35
MULN,2.3
MUR,40.81
MURA,2.95
MUSA,453.27
MUX,8.87
MVBF,18.23
MVF,7.205
MVIS,1.03
MVO,9.375
MVST,0.36
MVSTW,0.015
MVT,10.88
MWA,17.665
MWG,0.3398
MX,4.78
MXC,10.99
MXCT,3.68
MXE,9.58
MXF,15.87
MXL,21.37
MYD,10.77
MYE,12.955
MYFW,16.7
MYGN,23.76
MYI,11.11
MYMD,1.8
MYN,10.43
MYNA,3.95
MYND,2.82
MYNZ,0.3206
MYO,2.81
MYPS,2.05
MYRG,132.45
MYSZ,2.45
MYTE,4.55
NA,0.392
NAAS,1.72
NABL,14.785
NAC,11.52
NAD,11.75
NAII,5.45
NAK,0.29
NAMS,19.99
NAMSW,9.21
NAN,11.23
NAOV,0.66851
NAPA,6.985
NARI,49.21
NAT,3.93
NATH,68.73
NATL,28.31
NATR,14.955
NAUT,2.2
NAVI,14.23
NAZ,11.13
NB,1.64
NBB,15.24
NBBK,14.844
NBH,10.6315
NBHC,39.17
NBIX,136.9156
NBN,60.78
NBR,69.06
NBSE,0.365
NBST,10.84
NBSTW,0.0399
NBTB,38.04
NBTX,5.24
NBXG,12.96
NBY,2.1501
NC,27.59
NCA,8.64
NCDL,17.54
NCI,0.59
NCL,0.2159
NCLH,17.46
NCMI,4.17
NCNA,2.57
NCNC,0.1708
NCNCW,0.0091
NCNO,31.03
NCPL,0.0965
NCRA,1.16
NCSM,16.9699
NCTY,8.55
NCV,3.26
NCZ,2.9
NDAQ,59.545
NDLS,1.575
NDMO,10.8
NDP,35.812
NDRA,0.0862
NDSN,226.71
NE,43.46
NEA,11.39
NECB,17.11
NEE,69.38
NEGG,0.8425
NEM,41.31
NEN,70.5
NEO,13.68
NEOG,14.97
NEON,2.06
NEOV,2.24
NEP,24.15
NEPH,2.06
NERV,3.08
NET,83.5
NETD,10.53
NETDU,
NEU,519.9
NEUE,5.13
NEWP,1.45
NEWT,12.43
NEWTI,24.89
NEWTL,25.195
NEWTZ,24.15
NEXA,7.5201
NEXI,2.4
NEXN,5.72
NEXT,7.7
NFBK,9.5
NFE,19.78
NFG,54.25
NFGC,2.68
NFJ,12.24
NFLX,670.07
NFYS,10.98
NG,3.255
NGD,1.915
NGG,57.115
NGL,4.91
NGNE,38.2235
NGS,18.91
NGVC,21.282
NGVT,42
NHC,109.255
NHI,67.48
NHS,7.9
NHTC,6.87
NI,28.54
NIC,81.905
NICE,167.63
NICK,6.41
NIE,23.0301
NIM,8.968
NINE,1.65
NIO,4.38
NIOBW,
NISN,3.41
NITO,0.4618
NIU,1.69
NIVF,0.9
NIVFW,0.039
NJR,42.29
NKE,75.39
NKGN,1.21
NKGNW,0.088
NKLA,7.25
NKSH,28.65
NKTR,1.1
NKTX,5.245
NKX,12.6223
NL,5.67
NLOP,24.38
NLSP,0.19
NLSPW,0.0211
NLY,18.65
NMAI,12.28
NMCO,10.92
NMFC,12.24
NMFCZ,25.42
NMG,1.82
NMHI,0.515
NMI,9.8108
NMIH,34.02
NML,7.98
NMM,50.965
NMR,5.925
NMRA,9.59
NMRK,9.84
NMS,11.28
NMT,11.11
NMTC,0.8049
NMZ,10.78
NN,7.91
NNAG,10.49
NNAGW,0.0374
NNAVW,3.1
NNBR,2.95
NNDM,2.16
NNE,25
NNI,100.35
NNN,42.14
NNOX,6.81
NNVC,1.74
NNY,8.27
NOA,19.07
NOAH,9.85
NOC,433.66
NODK,14.946
NOG,37.83
NOK,3.84
NOM,10.25
NOMD,16.29
NOTE,1.3743
NOTV,1.51
NOV,18.32
NOVA,4.99
NOVT,158.61
NOVV,12.08
NOVVR,0.1756
NOW,781.62
NPCE,7.195
NPCT,10.8
NPFD,18.19
NPK,70.6225
NPO,141.73
NPV,11.36
NPWR,8.95
NQP,12.2
NR,7.95
NRBO,4.32
NRC,22.51
NRDS,14.435
NRDY,1.55
NREF,13.5
NRG,77.32
NRGV,0.9301
NRIM,57.34
NRIX,18.865
NRK,11.08
NRO,3.3529
NRP,95.3
NRSN,1.0801
NRSNW,0.2
NRT,6.2501
NRUC,24.3184
NRXP,2.5309
NRXPW,0.0787
NRXS,2.74
NSA,40.31
NSC,213.715
NSIT,198.4
NSP,89.74
NSPR,2.3567
NSS,25.39
NSSC,52.16
NSTS,9.65
NSYS,13.18
NTAP,128.7404
NTB,34.77
NTBL,0.5513
NTCT,18.54
NTES,93.37
NTG,42.71
NTGR,14.55
NTIC,16.39
NTIP,1.56
NTLA,21.6
NTNX,58.16
NTR,49.59
NTRA,107.085
NTRB,5.6712
NTRBW,0.71
NTRP,1.8601
NTRS,83.35
NTRSO,20.4849
NTST,16.1
NTWK,2.6
NTZ,4.75
NU,12.09
NUE,155.67
NUKK,0.37
NUKKW,0.03
NURO,3.6001
NUS,10.4
NUTX,0.55
NUV,8.59
NUVB,2.94
NUVL,71.34
NUVO,1.0201
NUVOW,0.0112
NUW,13.66
NUWE,3.98
NUZE,1.6
NVAC,11.5
NVACR,0.1023
NVAX,12.56
NVCR,16.62
NVCT,6.22
NVDA,121.03
NVEC,71.77
NVEE,90.31
NVEI,32.39
NVFY,1.58
NVG,12.37
NVGS,17.71
NVMI,229.41
NVNI,0.9256
NVNO,4.805
NVO,139.03
NVOS,0.732
NVR,7424
NVRI,8.46
NVRO,8.22
NVS,105.895
NVST,16.03
NVT,73.73
NVTS,3.89
NVVE,0.6441
NVX,1.8301
NWBI,11.43
NWE,49.295
NWFL,24.62
NWG,8.155
NWGL,1.59
NWL,6.2
NWLI,496.85
NWN,35.75
NWPX,32.43
NWS,28.03
NWSA,27.092
NWTN,1.27
NWTNW,0.061
NX,26.63
NXC,12.91
NXDT,5.34
NXE,6.76
NXG,41.5235
NXGL,2.05
NXGLW,0.4366
NXJ,12.19
NXL,1.44
NXLIW,0.1262
NXN,11.63
NXP,14.32
NXPI,265.505
NXPL,1.05
NXPLW,0.3054
NXRT,39.37
NXST,164.54
NXT,44.52
NXTC,1.375
NXTT,4.06
NXU,0.3511
NYAX,20.87
NYC,9.61
NYCB,3.2
NYMT,5.73
NYMTL,19.7357
NYMTM,23.5667
NYMTN,20.7
NYMTZ,19.3501
NYT,51.21
NYXH,6.98
NZF,12.3277
O,52.29
OABI,3.62
OAKU,10.89
OAKUR,
OB,4.8
OBDC,15.4
OBDE,14.89
OBE,7.54
OBIO,7.13
OBK,31.34
OBLG,0.1623
OBT,46.57
OC,166.19
OCAX,11.15
OCAXU,11.99
OCC,2.72
OCCI,7.02
OCCIN,23.1999
OCCIO,24.2
OCEA,1.07
OCEAW,0.0271
OCFC,15.45
OCFCP,24.7
OCFT,1.58
OCG,1.27
OCGN,1.58
OCN,24.4704
OCS,11.7
OCSAW,
OCSL,18.59
OCTO,0.4367
OCUL,6.51
OCUP,1.54
OCX,2.81
ODC,61.53
ODD,38.7
ODFL,178.3
ODP,39.08
ODV,1.86
ODVWZ,0.48
OEC,20.98
OESX,0.9863
OFG,37.51
OFIX,12.77
OFLX,50.335
OFS,8.73
OFSSH,22.1
OGE,35.295
OGEN,1
OGI,1.48
OGN,20.05
OGS,62.83
OHI,33.71
OI,10.445
OIA,6.25
OII,23.55
OIS,4.25
OKE,81.725
OKLO,7.8
OKTA,93.14
OKYO,1.19
OLB,2.77
OLED,209.9
OLK,25.43
OLLI,97.485
OLMA,10.15
OLN,46.02
OLO,4.26
OLP,22.935
OLPX,1.52
OM,3.64
OMAB,64.31
OMC,87.28
OMCL,25.64
OMER,3.845
OMEX,4.56
OMF,48.08
OMGA,2.06
OMH,0.551
OMI,12.88
OMIC,8.51
ON,70.1
ONB,17.055
ONBPO,24.75
ONBPP,25
ONCO,0.1513
ONCT,6.458
ONCY,0.99
ONDS,0.55
ONEW,26.47
ONFO,1.1101
ONFOW,0.2488
ONL,3.385
ONMD,0.9111
ONON,36.73
ONTF,5.89
ONTO,217.36
ONVO,0.75
ONYX,11.23
ONYXU,11.15
OOMA,8.975
OP,1.8309
OPAD,4.1
OPAL,3.98
OPBK,9.51
OPCH,27.385
OPEN,1.72
OPFI,3.48
OPGN,2.5
OPHC,4.2122
OPI,1.88
OPINL,9.72
OPK,1.21
OPOF,14.66
OPP,8.62
OPRA,12.46
OPRT,2.53
OPRX,9.8
OPT,1.8601
OPTN,1.02
OPTT,0.3839
OPTX,2.46
OPTXW,0.12
OPXS,7.03
OPY,49.1371
OR,15.4
ORA,68.69
ORAN,10.125
ORC,8.27
ORCL,142.55
ORGN,0.723
ORGNW,0.04
ORGO,2.648
ORGS,0.6198
ORI,30.23
ORIC,7.25
ORLA,3.7
ORLY,1013.89
ORMP,2.57
ORN,8.18
ORRF,27.67
OSBC,14.89
OSCR,15.8625
OSG,8.48
OSIS,135.82
OSK,105.25
OSPN,12.43
OSS,2.2
OST,0.34
OSUR,4.07
OSW,15.18
OTEX,29.75
OTIS,94.785
OTLK,7.08
OTLY,0.8913
OTRK,0.181
OTTR,86.15
OUST,9.3142
OUT,14.12
OVBC,19.61
OVID,0.773
OVLY,24
OVV,46.6
OWL,17.25
OWLT,3.95
OXBR,2.29
OXBRW,0.1101
OXLC,5.41
OXLCL,23.51
OXLCM,24.98
OXLCN,23.885
OXLCO,22.35
OXLCP,23.45
OXLCZ,23.1799
OXM,99.09
OXSQ,2.91
OXSQG,22.85
OXSQZ,24.31
OXY,61.82
OZ,57.9
OZK,40.81
OZKAP,15.53
PAA,18.06
PAAS,19.55
PAC,151.43
PACB,1.16
PACK,5.93
PACS,29.11
PAG,146.49
PAGP,19.045
PAGS,11.415
PAHC,16.65
PAI,12.02
PAL,16.12
PALI,4.3
PALT,3.89
PAM,42.3
PANL,7.76
PANW,336.07
PAPL,0.803
PAR,45.23
PARA,10.315
PARAA,18.0201
PARR,25.56
PASG,0.99
PATH,12.81
PATK,106.96
PAVM,0.71
PAVMZ,0.0152
PAVS,0.85
PAX,12.14
PAXS,15.78
PAY,18.9
PAYC,140.35
PAYO,5.4
PAYOW,0.21
PAYS,3.85
PAYX,116.24
PB,60.46
PBA,36.93
PBBK,14.15
PBF,46.25
PBFS,10.17
PBH,67.45
PBHC,12.8
PBI,5.7812
PBM,0.2813
PBMWW,0.0105
PBPB,7.795
PBR,14.37
PBT,11
PBYI,3.0501
PCAR,100.52
PCB,15.595
PCF,6.87
PCG,17.05
PCH,37.215
PCK,5.83
PCM,7.55
PCN,13.25
PCOR,65.83
PCQ,9.33
PCRX,20.52
PCSA,1.9
PCT,5.665
PCTTW,1.43
PCTY,130.62
PCVX,75.27
PCYO,9.32
PD,22.12
PDCO,23.885
PDD,131.36
PDEX,17.93
PDFS,35.69
PDI,18.99
PDLB,9.085
PDM,7.09
PDO,13.29
PDS,69.41
PDSB,2.8
PDT,11.62
PDX,22.56
PDYN,1.5
PDYNW,0.0206
PEB,13.115
PEBK,28.4
PEBO,29.5967
PECO,32.48
PED,0.9
PEG,73.11
PEGA,58.66
PEGR,10.15
PEGRW,0.0849
PEGY,1.2
PEN,174.5
PENN,18.65
PEO,23.37
PEP,162.32
PEPG,16.31
PERF,2.15
PERI,8.39
PESI,8.82
PET,1.566
PETQ,22.37
PETS,4.01
PETWW,0.0999
PETZ,1.18
PEV,0.3399
PFBC,74.4701
PFC,20.32
PFD,10.39
PFE,27.69
PFG,78.025
PFGC,63.985
PFH,19.18
PFIE,1.42
PFIS,43.87
PFL,8.11
PFLT,11.48
PFMT,2.54
PFN,7.13
PFO,8.4
PFS,14.32
PFSI,92.402
PFTA,10.87
PFTAU,11.1
PFX,46.15
PFXNZ,22.31
PG,161.71
PGC,22.445
PGEN,1.44
PGNY,28.01
PGP,7.5361
PGR,207.51
PGRE,4.56
PGRU,4.94
PGY,12.53
PGYWW,0.1138
PGZ,10.1602
PH,498.84
PHAR,8.05
PHAT,9.8175
PHD,9.795
PHG,24.925
PHGE,0.3501
PHI,24.3229
PHIN,38.525
PHIO,0.58
PHK,4.82
PHM,102.75
PHR,20.28
PHT,7.5071
PHUN,5.1
PHVS,16.85
PHX,3.25
PHYT,11.45
PI,152.81
PII,74.25
PIII,0.4852
PIIIW,0.0502
PIK,2.82
PIM,3.2
PINC,18.49
PINE,15.2442
PINS,42.43
PIPR,229.6776
PIRS,8.51
PIXY,1.66
PJT,108.315
PK,14.665
PKBK,16.17
PKE,13.35
PKG,176.11
PKOH,24.91
PKST,10.6
PKX,66
PL,1.73
PLAB,24.43
PLAG,1.75
PLAO,11.45
PLAY,37.93
PLBC,34.71
PLBY,0.78
PLCE,7.55
PLD,111.05
PLG,1.65
PLL,9.25
PLMI,10.48
PLMJU,10.79
PLMR,81.92
PLNT,72.53
PLOW,21.87
PLPC,120.865
PLRX,10.55
PLSE,10.76
PLTK,7.23
PLTN,2.32
PLTNR,
PLTNU,2.66
PLTNW,
PLTR,25.75
PLUG,2.21
PLUR,5.385
PLUS,73.545
PLX,1.12
PLXS,102.94
PLYA,8.05
PLYM,21.09
PM,101.11
PMCB,2.06
PMD,2.34
PMEC,0.57
PMF,9.11
PML,8.51
PMM,6.149
PMN,1.59
PMNT,1.55
PMO,10.16
PMT,13.52
PMTS,27.2
PMTU,25.2894
PMVP,1.5587
PMX,7.81
PNBK,1.85
PNC,155.45
PNF,7.82
PNFP,79.05
PNFPP,23.25
PNI,7.4
PNM,36.08
PNNT,7.51
PNR,74.08
PNRG,106.5
PNST,2.2001
PNTG,23.4131
PNW,75.675
POAI,1
POCI,6.23
PODC,1.5501
PODD,195.8
POET,2.46
POLA,0.4414
POOL,300.58
POR,42.45
POST,103.37
POWI,69.61
POWL,141.7283
POWW,1.59
POWWP,25.4001
PPBI,22.63
PPBT,0.35
PPC,38.0501
PPG,123.67
PPIH,8.2561
PPL,27.29
PPSI,4.141
PPT,3.54
PPTA,5.12
PPYA,11.3
PR,16.175
PRA,12.12
PRAA,19.28
PRAX,39.12
PRCH,1.49
PRCT,61.84
PRDO,20.74
PRE,5.56
PRFT,74.73
PRFX,0.4872
PRG,33.74
PRGO,25.94
PRGS,52.8201
PRH,25.88
PRI,234.54
PRIM,47.0001
PRK,141.15
PRKS,51.85
PRLB,29.79
PRLD,3.67
PRLH,11.02
PRM,7.49
PRME,5.2
PRMW,21.05
PRO,26.45
PROC,2.5
PROCW,0.0301
PROF,8.47
PROK,2.12
PROP,10.33
PROV,12.18
PRPH,3.8
PRPL,1
PRPO,5
PRQR,1.63
PRS,24.52
PRSO,1.36
PRST,0.078
PRSTW,0.0217
PRT,3.95
PRTA,19.94
PRTC,23.71
PRTG,0.171
PRTH,4.7592
PRTS,0.97
PRU,116.82
PRVA,17
PRZO,0.661
PSA,282.17
PSBD,16.03
PSEC,5.46
PSF,19.7
PSFE,17.09
PSHG,2.08
PSMT,79.08
PSN,79.55
PSNL,1.17
PSNY,0.8205
PSNYW,0.1301
PSO,12.335
PSQH,3.42
PSTG,60.5
PSTL,13.12
PSTV,1.5
PSTX,2.95
PSX,139.82
PT,1.04
PTA,19.67
PTC,181.02
PTCT,29.92
PTEN,10
PTGX,34.31
PTIX,0.765
PTIXW,0.0081
PTLO,9.18
PTMN,19.31
PTN,1.8
PTON,3.2
PTPI,0.4213
PTSI,16.73
PTVE,11.42
PTWO,13.02
PTWOU,13.33
PTWOW,0.0795
PTY,14.38
PUBM,20.13
PUK,18.045
PULM,1.97
PUMP,8.38
PVBC,10.11
PVH,103.1
PVL,1.1
PW,0.8525
PWFL,4.3797
PWM,0.905
PWOD,19.86
PWP,15.75
PWR,245.17
PWSC,22.37
PWUP,11.25
PWUPW,0.0276
PX,8.13
PXDT,1.6
PXLW,0.95
PXS,5.07
PXSAP,24.95
PYCR,12.64
PYN,5.9
PYPD,3.98
PYPL,58.32
PYT,22.86
PYXS,2.92
PZC,7.14
PZG,0.4103
PZZA,44.56
QBTS,1.05
QCOM,197.09
QCRH,59.08
QD,1.88
QDEL,30.87
QDRO,10.95
QDROW,
QETA,10.35
QETAR,1.23
QFIN,19.67
QGEN,40.26
QH,0.36
QIPT,3.12
QLGN,0.1525
QLI,3.72
QLYS,142.43
QMCO,0.39
QNCX,0.7
QNRX,0.57
QNST,15.95
QQQX,25.06
QRHC,8.6
QRTEA,0.6185
QRTEB,3.9
QRTEP,42
QRVO,117
QS,4.75
QSG,1.6508
QSI,0.92
QSIAW,0.125
QSR,68.44
QTI,0.72
QTRX,12.28
QTTB,17.81
QTWO,59.7
QUAD,5.51
QUBT,0.3549
QUIK,10.17
QURE,3.94
QVCC,12.25
QVCD,12.28
R,122.51
RA,12.76
RACE,405.96
RAIL,3.2603
RAMP,31.47
RAND,14.4036
RANI,3.7894
RAPT,2.71
RARE,39.845
RAVE,1.818
RAYA,0.8051
RBA,75.33
RBB,18.81
RBBN,3.255
RBC,267.72
RBCAA,52.875
RBCP,120.04
RBKB,7.85
RBLX,36.47
RBOT,5.28
RBRK,29.54
RBT,0.15
RC,8.1005
RCAT,1.16
RCB,24.1
RCC,24.01
RCEL,7.61
RCFA,11.38
RCG,1.7199
RCI,35.55
RCKT,19.74
RCKTW,
RCKY,34.15
RCL,154.935
RCM,10.575
RCMT,18
RCON,1.4105
RCRT,1.8
RCRTW,0.005
RCS,6.265
RCUS,14.25
RDCM,9.18
RDDT,65.65
RDFN,5.495
RDHL,0.355
RDI,1.34
RDIB,13.4
RDN,31.15
RDNT,58.55
RDUS,12.69
RDVT,25.0211
RDW,6.71
RDWR,18.17
RDY,75.09
RDZN,2.1
RDZNW,
REAL,3.055
REAX,4.28
REBN,7.2289
REE,3.86
REFI,15.0206
REFR,1.8
REG,61.71
REGCO,21.83
REGCP,23.07
REGN,1030.23
REI,1.7
REKR,1.57
RELI,3.7576
RELIW,0.0492
RELL,11.59
RELX,45.02
RELY,12.05
RENB,1.4805
RENE,11.28
RENEW,0.101
RENT,14.55
REPL,8.19
REPX,28.06
RERE,2.38
RES,6.05
RETO,2
REVB,1.7
REVBW,0.0171
REVG,24.48
REX,44.324
REXR,44.66
REYN,27.4
REZI,19.25
RF,19.84
RFAC,11.05
RFACR,0.113
RFI,11.4956
RFIL,3.5801
RFL,1.47
RFM,16.09
RFMZ,14.12
RGA,199.4
RGC,3.13
RGCO,19.25
RGEN,120.05
RGF,0.5112
RGLD,125.0001
RGLS,1.76
RGNX,10.72
RGP,10.375
RGR,41.13
RGS,18.17
RGT,11.01
RGTI,0.9237
RGTIW,0.142
RH,239.81
RHE,1.925
RHI,63.6288
RHP,97.49
RICK,40.2501
RIG,5.05
RIGL,8.12
RILY,16.28
RILYG,17.5
RILYK,21.02
RILYL,21.7501
RILYM,24.4
RILYN,18.6101
RILYO,25.1301
RILYP,18.61
RILYT,16.62
RILYZ,14.36
RIO,65.3
RIOT,9.6806
RITM,10.56
RIV,12.18
RIVN,13.9499
RJF,121.55
RKDA,2.99
RKLB,4.49
RKT,13.05
RL,168.64
RLAY,5.955
RLGT,5.46
RLI,139.51
RLJ,9.36
RLMD,2.98
RLTY,14.11
RLX,1.82
RLYB,1.155
RM,28.495
RMAX,7.91
RMBI,11.4937
RMBL,3.61
RMBS,58
RMCF,2.03
RMCO,0.76
RMCOW,0.0175
RMD,187.5
RMI,15.75
RMM,15.269
RMMZ,16.25
RMNI,2.9
RMR,22.41
RMT,9.09
RMTI,1.67
RNA,38.66
RNAC,15.56
RNAZ,0.9359
RNG,27.9
RNGR,10.2
RNLX,0.2511
RNP,20.51
RNR,212.58
RNST,30.39
RNW,5.985
RNWWW,0.4251
RNXT,1.11
ROAD,52.675
ROCK,66.1
ROCL,10.92
ROCLW,0.0579
ROG,116.55
ROIC,12.28
ROIV,10.475
ROK,263.63
ROKU,60.52
ROL,48.1834
ROMA,0.6119
ROOT,50.04
ROP,561.25
ROST,144.19
RPAY,10.15
RPD,42.29
RPHM,1.51
RPID,0.64
RPM,105.18
RPRX,25.83
RPTX,3.2
RQI,11.56
RR,1.18
RRAC,11.33
RRBI,47.95
RRC,33.4
RRGB,6.45
RRR,53.08
RRX,130.94
RS,279.43
RSF,15.27
RSG,191.54
RSI,8.69
RSKD,6.36
RSLS,0.191
RSSS,2.51
RSVR,7.62
RSVRW,0.76
RTC,3.98
RTO,29.01
RTX,99.071
RUM,5.46
RUMBW,0.96
RUN,10.55
RUSHA,41.34
RUSHB,38.28
RVLV,15.16
RVMD,37.31
RVMDW,0.0703
RVNC,2.395
RVP,1.12
RVPH,1.0701
RVPHW,0.2089
RVSB,3.94
RVSN,0.65
RVSNW,0.0771
RVT,14.25
RVTY,101.72
RVYL,1.43
RWAY,11.66
RWAYL,24.9
RWAYZ,25.09
RWOD,2.2247
RWODR,0.21
RWODW,0.0425
RWT,6.375
RWTN,25.11
RXO,26.9087
RXRX,7.04
RXST,55.825
RXT,2.84
RY,105.925
RYAAY,112.9413
RYAM,5.2
RYAN,56.23
RYDE,5.81
RYI,19.11
RYN,27.82
RYTM,41.95
RZB,25.01
RZC,25.8
RZLT,4.17
S,20.17
SA,13.34
SABA,7.74
SABR,2.54
SABS,2.86
SABSW,0.05
SACC,24.65
SACH,2.5
SAFE,18.46
SAFT,74.851
SAGE,10.66
SAH,53.35
SAI,0.8337
SAIA,463.7816
SAIC,115.69
SAITW,0.0461
SAJ,25.1105
SAM,298.2201
SAMG,15.15
SAN,4.61
SANA,5.25
SAND,5.4
SANG,4.65
SANM,65.3
SANW,0.301
SAP,197.5469
SAR,22.5
SASR,23.79
SAT,23.93
SATL,1
SATS,17.73
SATX,0.6484
SAVA,11.36
SAVE,3.495
SAY,25.08
SAZ,25.23
SB,5.89
SBAC,187.083
SBBA,25.0901
SBCF,23.39
SBET,0.45
SBEV,0.2251
SBFG,13.84
SBFM,0.3118
SBFMW,0.1
SBGI,12.81
SBH,10.82
SBI,7.83
SBLK,24.715
SBOW,37.6
SBR,64.85
SBRA,15.33
SBS,13.63
SBSI,27.12
SBSW,4.08
SBT,5.2
SBUX,76.28
SBXC,10.59
SCCB,24.98
SCCC,24.8
SCCD,21.88
SCCE,21.686
SCCF,21.8
SCCG,22.6
SCCO,107.7
SCD,15.33
SCHL,35.235
SCHW,73.22
SCI,69.79
SCKT,1.08
SCL,82.38
SCLX,1.89
SCLXW,0.3902
SCM,13.77
SCNI,2.85
SCOR,14.02
SCPH,4.12
SCPX,0.0251
SCRM,9.662
SCRMU,10
SCRMW,0.48
SCS,12.96
SCSC,43.2
SCVL,35.91
SCWO,1.1
SCWX,6.7157
SCX,16.17
SCYX,1.8999
SD,12.76
SDA,7.98
SDAWW,
SDGR,19.01
SDHC,21.37
SDHY,15.19
SDIG,4.17
SDOT,
SDPI,1.1936
SDRL,50.29
SE,67.89
SEAT,5.17
SEATW,0.5975
SEB,3051.37
SEDA,11.03
SEDG,23.51
SEE,33.84
SEED,4.705
SEEL,0.5505
SEER,1.62
SEIC,64.36
SELF,4.745
SELX,1.83
SEM,35.51
SEMR,13.45
SENEA,58.85
SENEB,58.4
SENS,0.3903
SEPA,
SEPAU,
SEPAW,
SER,8
SERA,5.55
SERV,1.82
SES,1.1
SEVN,12.49
SEZL,80.69
SF,83.16
SFB,21.8
SFBC,42.01
SFBS,62.45
SFIX,3.95
SFL,13.76
SFM,82.81
SFNC,17.38
SFST,29.04
SFWL,1.272
SG,27.36
SGA,15.35
SGBX,2.57
SGC,18.69
SGD,0.403
SGE,1.36
SGH,22.35
SGHC,3.23
SGHT,6.1
SGLY,5.02
SGMA,5.325
SGML,11.58
SGMO,0.3131
SGMT,2.92
SGN,
SGRP,2.25
SGRY,23.3
SGU,10.76
SHAK,85.33
SHBI,11.33
SHC,11.52
SHCO,5.22
SHCR,1.37
SHEL,72.65
SHEN,16.43
SHFS,0.5301
SHFSW,0.0401
SHG,35.62
SHIM,1.57
SHIP,10.25
SHLS,5.69
SHLT,5.09
SHMD,4.16
SHMDW,0.42
SHO,10.11
SHOO,41.525
SHOP,64.34
SHOT,1.15
SHOTW,
SHPH,0.3706
SHPW,0.6859
SHPWW,
SHW,292.33
SHYF,11.02
SIBN,12.71
SID,2.25
SIDU,2.2
SIEB,1.69
SIF,3.1
SIFY,0.4601
SIG,86.14
SIGA,7.43
SIGI,93.425
SIGIP,18.06
SII,40.9
SILC,15.1
SILK,26.925
SILO,0.91
SILV,8.05
SIM,30
SIMO,79.35
SING,0.1378
SINT,4.31
SIRI,2.89
SISI,2.19
SITC,14.28
SITE,115.55
SITM,122
SIX,31.92
SJ,0.92
SJM,109.785
SJT,3.95
SJW,54.7
SKE,5.2
SKGR,11.135
SKIL,11.9401
SKIN,1.81
SKLZ,6.625
SKM,20.74
SKT,25.94
SKWD,35.75
SKX,66.61
SKY,64.8203
SKYE,7.48
SKYH,9.215
SKYT,7.56
SKYW,80.75
SKYX,0.91
SLAB,109.3
SLAM,11.11
SLAMU,11.12
SLAMW,0.196
SLB,46.15
SLCA,15.41
SLDB,5.735
SLDP,1.58
SLDPW,0.16
SLE,0.795
SLF,48.54
SLG,53.8694
SLGL,0.87
SLGN,41.465
SLI,1.24
SLM,20.64
SLMBP,76.25
SLN,17.8
SLNA,0.069
SLNAW,0.01
SLND,4.4
SLNG,3.81
SLNH,5.585
SLNHP,5.31
SLNO,39.41
SLP,45.8901
SLQT,2.97
SLRC,15.8
SLRN,4.04
SLRX,2.1101
SLS,1.1118
SLSR,2.66
SLVM,67.3573
SM,43.6701
SMAR,43.73
SMBC,44.31
SMBK,23.49
SMCI,796.2863
SMFG,13.58
SMFL,2.6
SMG,62.87
SMHI,13.43
SMID,26.41
SMLP,34.91
SMLR,31.33
SMMT,7.53
SMP,26.77
SMPL,35.46
SMR,10.75
SMRT,2.34
SMSI,2.2
SMTC,31.315
SMTI,26.76
SMWB,7.28
SMX,0.1149
SMXT,2.45
SN,75.16
SNA,255.74
SNAL,0.834
SNAP,15.7
SNAX,1.7
SNAXW,0.0072
SNBR,8.84
SNCR,9.07
SNCRL,22
SNCY,12.36
SND,2.08
SNDA,28.74
SNDL,1.88
SNDR,23.57
SNDX,20.605
SNES,0.5004
SNEX,75.29
SNFCA,7.96
SNGX,2.03
SNN,24.43
SNOA,0.2209
SNOW,140.695
SNPO,10.74
SNPS,600.57
SNPX,3.945
SNSE,0.6001
SNT,1.81
SNTG,1.95
SNTI,0.338
SNV,40.42
SNX,112.31
SNY,48.45
SO,77
SOAR,0.5508
SOBR,0.1382
SOC,15.17
SOFI,6.29
SOGP,2.1
SOHO,1.11
SOHOB,18.19
SOHON,18.85
SOHOO,18.31
SOHU,13.82
SOI,8.505
SOJC,23.18
SOJD,22.03
SOJE,20.0501
SOL,1.54
SOLV,51.25
SON,49.1
SOND,4.27
SONDW,0.01
SONM,0.955
SONN,0.8711
SONO,14.165
SONY,85.62
SOPA,1.15
SOPH,4.56
SOR,43.51
SOS,0.8048
SOTK,4.0001
SOUN,3.88
SOUNW,1.69
SOWG,18.74
SP,53.98
SPB,86.36
SPCB,0.1855
SPCE,7.79
SPE,13.21
SPEC,0.4623
SPFI,27.63
SPG,146.09
SPGC,0.422
SPGI,446.36
SPH,18.83
SPHR,34.48
SPI,0.4301
SPIR,10.07
SPKL,10.37
SPLP,35.62
SPNS,33.97
SPNT,12.04
SPOK,14.78
SPOT,309.43
SPPL,0.43
SPR,33.63
SPRB,0.5151
SPRC,0.7603
SPRO,1.28
SPRU,3.31
SPRY,8.65
SPSC,189.26
SPT,36.2
SPTN,18.18
SPWH,2.04
SPWR,2.415
SPXC,138.01
SPXX,16.3
SQ,63.77
SQFT,0.664
SQFTP,15.7625
SQFTW,0.033
SQM,40.11
SQNS,0.4671
SQSP,43.5
SR,60.14
SRAD,10.94
SRBK,9.16
SRCE,53.13
SRCL,57.48
SRDX,41.87
SRE,74.9
SREA,23.3
SRFM,0.3633
SRG,4.475
SRI,15.23
SRL,7.02
SRM,1.08
SRPT,153.72
SRRK,7.58
SRTS,4.77
SRV,41.205
SRZN,10.22
SRZNW,0.0154
SSB,75.93
SSBI,9.12
SSBK,26.67
SSD,163.89
SSIC,11.26
SSKN,3.01
SSL,7.39
SSNC,62.06
SSNT,14.52
SSP,2.905
SSRM,4.35
SSSS,3.9608
SSSSL,23.8863
SST,1.4
SSTI,11.57
SSTK,35.71
SSY,0.75
SSYS,8.27
ST,37.3
STAA,42.99
STAF,2.1303
STAG,35.7396
STBA,32.92
STBX,0.1813
STC,60.925
STCN,12.38
STE,217.32
STEL,22.47
STEM,0.99
STEP,45.43
STER,14.615
STEW,14.46
STG,7.5002
STGW,6.67
STHO,11.2377
STI,0.4706
STIM,1.71
STK,33.09
STKH,3.555
STKL,5.21
STKS,4.055
STLA,19.435
STLD,127.23
STM,39.34
STN,80.96
STNE,11.63
STNG,79.59
STOK,12.81
STR,23.87
STRA,108.431
STRL,112.5
STRM,0.435
STRO,2.82
STRR,3.8646
STRRP,10.0001
STRS,24.82
STRT,24.6808
STRW,11.62
STSS,0.2267
STSSW,0.0752
STT,73.195
STTK,3.63
STVN,17.78
STWD,18.69
STX,102.01
STXS,1.72
STZ,254.36
SU,38.31
SUGP,2.49
SUI,117.63
SUM,35.3586
SUN,55.62
SUP,3.16
SUPN,25.66
SUPV,5.95
SURG,3
SURGW,0.18
SUUN,5.94
SUZ,10.045
SVC,4.95
SVCO,18.07
SVII,11.13
SVIIW,0.0975
SVM,3.27
SVMH,0.156
SVMHW,0.0145
SVRA,4.29
SVRE,0.3708
SVREW,0.0789
SVT,10.7201
SVV,12.11
SWAG,1.0937
SWAGW,0.03
SWAV,334.75
SWBI,13.85
SWI,12.1
SWIM,2.74
SWIN,3.45
SWK,77.83
SWKH,16.44
SWKHL,24.985
SWKS,105.355
SWN,6.74
SWTX,36.97
SWVL,6.13
SWVLW,0.015
SWX,69.15
SWZ,8
SXC,10.03
SXI,155.36
SXT,73.2
SXTC,1.05
SXTP,0.24
SY,0.89
SYBT,48.98
SYBX,1.425
SYF,47.71
SYK,332.01
SYM,35.1
SYNA,85.76
SYNX,2.6
SYPR,1.85
SYRA,1.26
SYRE,23.11
SYRS,4.8501
SYT,1.91
SYTA,0.62
SYY,69.47
T,18.68
TAC,6.84
TACT,3.6
TAIT,2.68
TAK,12.95
TAL,10.32
TALK,2.04
TALKW,0.0512
TALO,11.84
TANH,0.7517
TAOP,0.6505
TAP,50.17
TARA,2
TARO,42.89
TARS,27.26
TASK,13.08
TAST,9.54
TATT,14.44
TAYD,44.79
TBB,23.01
TBBB,23.265
TBBK,37.91
TBC,23.9
TBI,10.37
TBIO,3.55
TBLA,3.3697
TBLAW,0.1413
TBLD,16.15
TBLT,4.51
TBMC,10.8044
TBMCR,
TBNK,7.97
TBPH,8.32
TBRG,10.01
TC,1.75
TCBC,13.64
TCBI,60.68
TCBIO,19.1
TCBK,38.94
TCBP,0.8331
TCBPW,0.0125
TCBS,14.33
TCBX,20.67
TCI,28.25
TCJH,0.3305
TCMD,11.29
TCOA,11.08
TCOM,46.86
TCON,0.71
TCPC,10.7703
TCRT,0.63
TCRX,5.47
TCS,0.542
TCTM,1.2201
TCX,18.82
TD,54.55
TDC,34.19
TDCX,7.11
TDF,8.02
TDG,1243.82
TDOC,9.23
TDS,20.135
TDUP,1.58
TDW,92.46
TDY,381.495
TEAF,11.5201
TEAM,179.17
TECH,70.97
TECK,47.77
TECTP,10.27
TEF,4.17
TEI,5.29
TEL,147.53
TELA,4.33
TELL,0.6031
TELO,4
TELZ,16.62
TENB,42.895
TENK,11.36
TENKR,0.3187
TENX,2.9633
TEO,6.76
TER,145.43
TERN,6.49
TETE,11.89
TETEW,0.0367
TEVA,16.1
TEX,53.31
TFC,38.86
TFFP,1.73
TFII,144.17
TFIN,79.82
TFINP,21.2609
TFPM,15.42
TFSA,23.9698
TFSL,12.43
TFX,210.89
TG,4.5963
TGAA,11.3
TGAAW,0.11
TGAN,4.77
TGB,2.39
TGI,15.41
TGL,2.72
TGLS,50.085
TGNA,13.605
TGS,17.69
TGT,144.46
TGTX,17.79
TH,8.4
THAR,3.28
THC,133
THCH,0.6601
THCP,10.59
THFF,36.49
THG,123.78
THM,0.4478
THMO,0.1251
THO,92.12
THQ,20.23
THR,29.75
THRD,12.14
THRM,50.17
THRY,17.115
THS,36.41
THTX,1.38
THW,13
TIGO,24
TIGR,4.16
TIL,10.04
TILE,14.54
TIMB,13.84
TIPT,16.16
TIRX,2.12
TISI,8.13
TITN,14.72
TIVC,0.372
TIXT,5.71
TJX,109.89
TK,8.75
TKC,7.61
TKLF,0.2311
TKNO,1.17
TKO,107.47
TKR,78.62
TLF,4.4
TLGY,11.46
TLIS,8.3501
TLK,18.35
TLPH,0.88
TLRY,1.65
TLS,3.615
TLSA,0.85
TLSI,5.06
TLSIW,
TLYS,5.19
TM,204.9
TMC,1.275
TMCI,6.35
TMCWW,0.1582
TMDX,147.01
TME,14.12
TMHC,53.24
TMO,533.46
TMP,47.71
TMQ,0.49
TMTC,
TMTCR,
TMUS,177.7
TNC,97.64
TNDM,38.5775
TNET,99.01
TNGX,8.09
TNK,67.92
TNL,42.93
TNON,0.6778
TNONW,
TNP,29.02
TNXP,0.68
TNYA,2.9425
TOI,0.438
TOIIW,0.0185
TOL,109.31
TOMZ,0.7531
TOON,0.9801
TOP,2.45
TOPS,10.8
TORO,3.77
TOST,25.28
TOUR,0.8699
TOVX,0.2252
TOWN,27.025
TPB,32.31
TPC,20.87
TPCS,3.44
TPET,0.271
TPG,40.7
TPGXL,25.83
TPH,35.86
TPHS,0.1122
TPIC,3.48
TPL,725.46
TPR,40.42
TPST,2.08
TPTA,17.31
TPVG,8.02
TPX,46.56
TPZ,15.6501
TR,29.54
TRAK,15.52
TRAW,0.3624
TRC,16.79
TRDA,13.98
TREE,39.335
TREX,72.35
TRGP,130.45
TRI,167.37
TRIB,2.03
TRIN,13.99
TRINL,25.09
TRINZ,25.121
TRIP,17.3615
TRIS,11.15
TRMB,55.54
TRMD,38.44
TRMK,29.55
TRML,12.44
TRN,29.12
TRNO,59.495
TRNR,1.2501
TRNS,119.1635
TRON,12.3001
TRONW,0.03
TROO,2.585
TROW,113.8
TROX,15.56
TRP,37.54
TRS,25.0159
TRSG,3.69
TRST,28.275
TRT,6.05
TRTL,10.92
TRTX,8.48
TRU,72.01
TRUE,3.015
TRUG,1.1
TRUP,26.96
TRV,201.06
TRVG,2
TRVI,2.67
TRVN,0.2013
TRX,0.3806
TS,30.64
TSAT,8.24
TSBK,26.13
TSBX,2.31
TSCO,265.36
TSE,1.935
TSEM,39.35
TSHA,2.14
TSI,4.69
TSLA,218.07
TSLX,21.35
TSM,171.03
TSN,57.02
TSQ,10.85
TSRI,13.38
TSVT,3.84
TT,319.27
TTC,90.77
TTD,96.9301
TTE,68.47
TTEC,5.27
TTEK,197.15
TTGT,30.7755
TTI,3.29
TTMI,19.06
TTNP,5.3127
TTOO,5.08
TTP,34.81
TTSH,6.72
TTWO,154.29
TU,14.63
TUP,1.36
TURB,1.13
TURN,3.7001
TUSK,3.19
TUYA,1.66
TV,2.62
TVC,22.31
TVE,21.77
TVGN,0.7
TVGNW,0.0287
TVTX,7.96
TW,105.515
TWG,0.7559
TWI,6.98
TWIN,12.02
TWKS,2.515
TWLO,56.41
TWLV,10.56
TWLVW,0.0051
TWN,43.71
TWO,12.98
TWOU,4.41
TWST,46.04
TX,36.85
TXG,18.53
TXMD,1.6506
TXN,194.58
TXO,20.25
TXRH,166.88
TXT,85.15
TY,30.71
TYG,34.525
TYGO,1.44
TYL,501.98
TYRA,16.69
TZOO,7.3262
U,15.71
UA,6.22
UAA,6.33
UAL,47.81
UAMY,0.3093
UAN,74.01
UAVS,0.4563
UBCP,12.0691
UBER,68.88
UBFO,7.15
UBS,29.585
UBSI,32.16
UBX,1.3
UBXG,6.8968
UCAR,6.2
UCBI,25.07
UCBIO,23.3
UCL,1.74
UCTT,49.72
UDMY,8.4
UDR,40.825
UE,18.16
UEC,5.72
UEIC,10.975
UFCS,21.094
UFI,5.6
UFPI,109.32
UFPT,279.4
UG,9.1
UGI,22.55
UGIC,57.19
UGP,3.78
UGRO,1.28
UHAL,61.665
UHG,5.55
UHGWW,
UHS,180.94
UHT,37.96
UI,147.36
UIS,4.13
UK,1.92
UKOMW,0.0101
UL,54.405
ULBI,10.28
ULCC,4.67
ULH,40.28
ULS,41.995
ULTA,383.98
ULY,1.7
UMAC,1.16
UMBF,81.64
UMC,8.22
UMH,16.01
UNB,21
UNCY,0.4747
UNF,169.995
UNFI,12.5908
UNH,493.43
UNIT,2.69
UNM,51.04
UNMA,25.59
UNP,223.82
UNTY,28.45
UONE,1.8
UONEK,1.39
UP,2.1755
UPBD,30.08
UPC,2.65
UPLD,2.39
UPS,134.06
UPST,22.31
UPWK,10.46
UPXI,0.37
URBN,42.51
URG,1.345
URGN,15.06
URI,634.64
UROY,2.22
USA,6.8
USAC,23.53
USAP,26.32
USAS,0.239
USAU,5.1567
USB,39.08
USCB,12.12
USEA,2.56
USEG,1.05
USFD,51.99
USGO,5.751
USGOW,
USIO,1.52
USLM,350
USM,54.2748
USNA,44.6
USPH,90.71
UTF,22.2
UTG,27.13
UTHR,314.8701
UTI,15.985
UTL,51.71
UTMD,66.08
UTSI,2.66
UTZ,16.28
UUU,1.53
UUUU,5.81
UVE,18.14
UVSP,22.76
UVV,47.7117
UWMC,6.655
UXIN,2.03
UZD,22.2525
UZE,20.38
UZF,20.41
V,262.4
VABK,32.3
VAC,82.1
VAL,72
VALE,10.99
VALN,7.1119
VALU,42.94
VANI,1.2
VATE,0.6
VBF,15.86
VBIV,0.6849
VBNK,10.52
VBTX,20.7
VC,104.4628
VCEL,44.45
VCIG,0.5857
VCNX,6.24
VCSA,4.32
VCTR,47.67
VCV,10.37
VCXB,11.03
VCYT,21.1
VECO,46.53
VEEE,0.4906
VEEV,181.57
VEL,17.76
VEON,25.48
VERA,34.6
VERB,0.1162
VERI,2.25
VERO,0.65
VERU,0.87
VERV,4.8
VERX,35.19
VERY,11.4
VET,10.9901
VEV,0.52
VFC,12.735
VFF,0.9401
VFL,10.37
VFS,3.955
VFSWW,0.48
VGAS,4.16
VGASW,
VGI,7.53
VGM,10.24
VGR,10.81
VGZ,0.46
VHAI,0.0695
VHC,6.02
VHI,16.87
VIA,10.99
VIASP,20.0172
VIAV,6.92
VICI,27.73
VICR,32.36
VIGL,3.9001
VIK,32.97
VINC,0.73
VINE,0.49
VINO,6.4101
VINP,10.8555
VIOT,0.93
VIPS,13.15
VIR,8.76
VIRC,13.081
VIRI,0.2176
VIRT,22.155
VIRX,0.48
VISL,4.3
VIST,44.16
VITL,42.88
VIV,8.015
VIVK,2.57
VKI,8.845
VKQ,9.92
VKTX,51.5
VLCN,4.61
VLD,3.2501
VLGEA,26.09
VLN,3.16
VLO,157.315
VLRS,6.23
VLT,10.535
VLTO,93.77
VLY,6.85
VLYPO,23.15
VLYPP,21.24
VMAR,0.42
VMC,240.99
VMCA,11.45
VMD,6.38
VMEO,3.66
VMI,267.75
VMO,10.038
VNCE,1.35
VNDA,5.21
VNET,2.05
VNO,25.36
VNOM,38.2
VNRX,0.6106
VNT,38
VOC,4.84
VOD,8.695
VOR,0.9
VOXR,2.61
VOXX,2.65
VOYA,70.71
VPG,29.365
VPV,10.79
VRA,5.76
VRAR,0.982
VRAX,1.07
VRCA,7.444
VRDN,12.14
VRE,14.99
VREX,14.31
VRM,9.2
VRME,1.3
VRMEW,0.0749
VRNA,14.86
VRNS,47.16
VRNT,31.65
VRPX,0.5122
VRRM,26.69
VRSK,268.765
VRSN,174.69
VRT,85.665
VRTS,223
VRTX,467.41
VS,1.73
VSAC,11.6
VSAT,12.51
VSCO,15.68
VSEC,85
VSH,21.8
VSME,1.6399
VSSYW,0.0951
VST,86.81
VSTA,2.96
VSTE,2.28
VSTM,2.92
VSTO,36.995
VSTS,11.375
VTAK,0.3176
VTEX,7.14
VTGN,3.32
VTLE,45.08
VTMX,29.07
VTN,11.14
VTNR,0.5807
VTOL,32.94
VTR,50.89
VTRS,10.33
VTRU,9.07
VTS,23.8107
VTSI,7.5236
VTVT,17.0562
VTYX,2.13
VUZI,1.14
VVI,32.55
VVOS,2.2604
VVPR,1.36
VVR,4.29
VVV,42.12
VVX,46.5785
VWE,0.1302
VWEWW,0.0072
VXRT,0.668
VYGR,7.55
VYNE,1.81
VYX,12.6413
VZ,40.715
VZIO,10.66
VZLA,1.68
W,49.7856
WAB,152.13
WABC,48.2
WAFD,28.2
WAFDP,14.6
WAFU,1.9
WAL,62.3
WALD,3.2
WASH,26.39
WAT,280.86
WATT,1.06
WAVD,1.83
WAVE,2.37
WB,7.7
WBA,11.4042
WBD,7.1
WBS,44.07
WBUY,0.1649
WBX,1.22
WCC,154.76
WCN,173.02
WD,93.6944
WDAY,223.09
WDC,75.68
WDFC,215.92
WDH,1.12
WDI,14.51
WDS,19.26
WEA,10.46
WEAV,8.93
WEC,77.75
WEL,11.63
WELL,104.08
WEN,16.125
WERN,35.46
WES,40.26
WEST,9.895
WESTW,2.09
WETH,2.71
WEX,174.7423
WEYS,28.6001
WF,31.32
WFC,60.14
WFCF,10.8
WFG,75.055
WFRD,122
WGO,52.86
WGS,27.15
WGSWW,0.0225
WH,72.26
WHD,50.83
WHF,12.32
WHFCL,25.1499
WHG,12
WHLM,4.952
WHLR,16.65
WHLRD,19
WHLRP,2.1101
WHR,101.28
WIA,7.97
WILC,8.68
WIMI,0.84
WINA,343.79
WING,417.115
WINT,2.95
WINV,11.52
WINVR,0.075
WINVW,0.0136
WIRE,289.81
WISA,2.71
WISH,5.13
WIT,6.32
WIW,8.49
WIX,155.55
WK,70.99
WKC,25.3
WKEY,2.23
WKHS,1.36
WKME,13.83
WKSP,0.7946
WKSPW,0.08
WLDN,28.77
WLDS,0.48
WLDSW,0.055
WLFC,68.85
WLGS,0.564
WLK,141.73
WLKP,22.4
WLY,40.6
WLYB,40.94
WM,207.7
WMB,42.075
WMG,30.2
WMK,62.08
WMPN,11.2
WMS,154.44
WMT,67.26
WNC,21.47
WNEB,6.88
WNS,52.58
WNW,0.77
WOLF,22.93
WOOF,3.1
WOR,44.46
WORX,1.6
WOW,4.87
WPC,54.59
WPM,52.12
WPP,44.75
WPRT,5.4
WRAP,1.85
WRB,78.57
WRBY,15.88
WRK,48.18
WRLD,124.44
WRN,1.1301
WRNT,0.291
WS,31.81
WSBC,27.765
WSBCP,24.42
WSBF,12.835
WSC,36.515
WSFS,46.41
WSM,271.65
WSO,459.37
WSR,13.145
WST,322.455
WT,9.83
WTBA,17.4201
WTFC,99.3
WTFCM,24.37
WTFCP,24.63
WTI,2.14
WTM,1757.01
WTMA,11.09
WTO,
WTRG,37.04
WTS,179.57
WTTR,10.41
WTW,258.62
WU,12.07
WULF,4.99
WVE,5.07
WVVI,3.9
WVVIP,3.914
WW,1.1
WWD,169.6584
WWR,0.47
WWW,12.93
WY,27.31
WYNN,86.09
WYY,4.0561
X,37.8601
XAIR,0.58
XBIO,4.1
XBIOW,14.04
XBIT,5.2718
XBP,1.71
XBPEW,0.05
XCUR,0.31
XEL,52.51
XELA,2.22
XELAP,1.7
XELB,0.597
XENE,36.56
XERS,2.03
XFIN,11.02
XFLT,7.05
XFOR,0.5311
XGN,1.72
XHR,13.89
XIN,2.6501
XLO,0.86
XMTR,11.25
XNCR,18.19
XNET,1.64
XOM,113.49
XOMA,24.29
XOMAO,25.26
XOMAP,26.19
XOS,6.67
XOSWW,0.033
XP,16.58
XPEL,32.15
XPER,7.93
XPEV,7.57
XPL,0.8511
XPO,104.93
XPOF,15.22
XPON,0.955
XPRO,22.4
XRAY,24.44
XRTX,1.7619
XRX,11.44
XTIA,0.365
XTKG,0.515
XTLB,2.1801
XTNT,0.625
XWEL,1.68
XXII,0.6932
XYF,4.26
XYL,130.65
XYLO,1.7
YALA,4.43
YCBD,0.56
YELP,36.13
YETI,36.48
YEXT,5.13
YGMZ,1.52
YHGJ,
YI,1.04
YIBO,1.81
YJ,0.7
YMAB,11.18
YMM,7.75
YORW,36.8
YOSH,4
YOTA,10.98
YOU,18.49
YPF,19.17
YQ,1.98
YRD,4.52
YS,0.9
YSBPW,
YSG,2.95
YTEN,1.02
YTRA,1.185
YUM,129.075
YUMC,30.32
YY,30.215
YYAI,8.17
YYGH,0.821
Z,44.63
ZAPP,1.86
ZAPPW,
ZBAO,3.98
ZBH,105.37
ZBRA,306.21
ZCAR,0.134
ZCARW,0.011
ZCMD,1.21
ZD,52.95
ZDGE,2.8876
ZENV,2.51
ZEO,2.41
ZEPP,0.6
ZETA,17.4
ZEUS,43.31
ZFOX,1.13
ZFOXW,0.09
ZG,43.27
ZGN,11.445
ZH,2.65
ZI,12.14
ZIM,22.25
ZIMV,17.92
ZION,43.14
ZIONL,25.4
ZIONO,25.3148
ZIONP,21.0501
ZIP,8.96
ZJYL,2.325
ZKH,
ZKIN,0.503
ZLAB,16.93
ZLS,10.94
ZM,58.29
ZNTL,3.435
ZOM,0.145
ZONE,2.0716
ZOOZ,2.36
ZOOZW,0.03
ZPTA,0.5361
ZPTAW,0.0385
ZS,194.7084
ZTEK,0.991
ZTO,20.5
ZTR,5.38
ZTS,172.49
ZUMZ,18.33
ZUO,9.4
ZURA,3.22
ZURAW,
ZVIA,0.66
ZVRA,4.32
ZVSA,3.52
ZWS,28.55
ZYME,8.35
ZYXI,8.86